ID,PHOTO,NAME,TEAM,FC_BC,#,COLLEGE,WEIGHT,HEIGHT,AGE,DOB,EXP,POS
203999,https://cdn.nba.com/headshots/nba/latest/520x380/203999.png,Nikola Jokić,DEN,FC,15,None,284,"6'11""",31,2/19/1995,10,C
1641705,https://cdn.nba.com/headshots/nba/latest/520x380/1641705.png,Victor Wembanyama,SAS,FC,1,None,240,"7'4""",21,04/01/2004,2,PF
1628983,https://cdn.nba.com/headshots/nba/latest/520x380/1628983.png,Shai Gilgeous-Alexander,OKC,BC,2,Kentucky,200,"6'6""",27,12/07/1998,7,PG
203507,https://cdn.nba.com/headshots/nba/latest/520x380/203507.png,Giannis Antetokounmpo,MIL,FC,34,None,246,"6'11""",31,06/12/1994,12,PF
1629029,https://cdn.nba.com/headshots/nba/latest/520x380/1629029.png,Luka Dončić,LAL,BC,77,None,244,"6'7""",27,2/28/1999,7,PG
1627734,https://cdn.nba.com/headshots/nba/latest/520x380/1627734.png,Domantas Sabonis,SAC,FC,11,Gonzaga,240,"6'11""",30,03/05/1996,9,C
1630595,https://cdn.nba.com/headshots/nba/latest/260x190/1630595.png,Cade Cunningham,DET,BC,2,Oklahoma State,217,"6'6""",24,9/25/2001,4,PG
1629027,https://cdn.nba.com/headshots/nba/latest/520x380/1629027.png,Trae Young,WAS,BC,11,Oklahoma,180,"6'1""",27,9/19/1998,7,PG
203954,https://cdn.nba.com/headshots/nba/latest/520x380/203954.png,Joel Embiid,PHI,FC,21,Kansas,270,"7'0""",31,3/16/1994,9,C
1626157,https://cdn.nba.com/headshots/nba/latest/520x380/1626157.png,Karl-Anthony Towns,NYK,FC,32,Kentucky,248,"7'0""",30,11/15/1995,10,PF
1630162,https://cdn.nba.com/headshots/nba/latest/260x190/1630162.png,Anthony Edwards,MIN,BC,5,Georgia,225,"6'4""",24,05/08/2001,5,SG
2544,https://cdn.nba.com/headshots/nba/latest/520x380/2544.png,LeBron James,LAL,FC,23,None,250,"6'9""",41,12/30/1984,22,SF
201935,https://cdn.nba.com/headshots/nba/latest/520x380/201935.png,James Harden,CLE,BC,1,Arizona State,220,"6'5""",36,8/26/1989,16,SG
203076,https://cdn.nba.com/headshots/nba/latest/260x190/203076.png,Anthony Davis,WAS,FC,3,Kentucky,268,"6'10""",32,11/03/1993,13,C
1627826,https://cdn.nba.com/headshots/nba/latest/520x380/1627826.png,Ivica Zubac,IND,FC,40,None,240,"7'0""",28,3/18/1997,9,C
1630578,https://cdn.nba.com/headshots/nba/latest/260x190/1630578.png,Alperen Sengun,HOU,FC,28,None,255,"6'11""",23,7/25/2002,4,C
1628369,https://cdn.nba.com/headshots/nba/latest/520x380/1628369.png,Jayson Tatum,BOS,FC,0,Duke,224,"6'8""",27,03/03/1998,8,SF
1626164,https://cdn.nba.com/headshots/nba/latest/520x380/1626164.png,Devin Booker,PHX,BC,1,Kentucky,206,"6'5""",29,10/30/1996,10,SG
201142,https://cdn.nba.com/headshots/nba/latest/520x380/201142.png,Kevin Durant,HOU,FC,7,Texas,240,"6'10""",37,9/29/1988,18,PF
1630567,https://cdn.nba.com/headshots/nba/latest/520x380/1630567.png,Scottie Barnes,TOR,FC,4,Florida State,237,"6'8""",25,01/08/2001,4,SF
1631094,https://cdn.nba.com/headshots/nba/latest/520x380/1631094.png,Paolo Banchero,ORL,FC,5,Duke,250,"6'10""",23,12/11/2002,3,PF
1631114,https://cdn.nba.com/headshots/nba/latest/520x380/1631114.png,Jalen Williams,OKC,BC,8,Santa Clara,220,"6'6""",24,4/14/2001,3,SF
1628973,https://cdn.nba.com/headshots/nba/latest/520x380/1628973.png,Jalen Brunson,NYK,BC,11,Villanova,190,"6'2""",29,8/31/1996,7,PG
1628389,https://cdn.nba.com/headshots/nba/latest/260x190/1628389.png,Bam Adebayo,MIA,FC,13,Kentucky,255,"6'9""",28,7/18/1997,8,C
201939,https://cdn.nba.com/headshots/nba/latest/520x380/201939.png,Stephen Curry,GSW,BC,30,Davidson,185,"6'2""",37,3/14/1988,16,PG
1628378,https://cdn.nba.com/headshots/nba/latest/520x380/1628378.png,Donovan Mitchell,CLE,BC,45,Louisville,215,"6'3""",29,07/09/1996,8,SG
1630163,https://cdn.nba.com/headshots/nba/latest/520x380/1630163.png,LaMelo Ball,CHA,BC,1,None,180,"6'7""",24,8/22/2001,5,PG
1628368,https://cdn.nba.com/headshots/nba/latest/520x380/1628368.png,De'Aaron Fox,SAS,BC,4,Kentucky,190,"6'3""",28,12/20/1997,8,PG
1630178,https://cdn.nba.com/headshots/nba/latest/520x380/1630178.png,Tyrese Maxey,PHI,BC,0,Kentucky,200,"6'2""",25,04/11/2000,5,PG
1629627,https://cdn.nba.com/headshots/nba/latest/520x380/1629627.png,Zion Williamson,NOP,FC,1,Duke,284,"6'6""",25,06/07/2000,6,PF
1629630,https://cdn.nba.com/headshots/nba/latest/520x380/1629630.png,Ja Morant,MEM,BC,12,Murray State,174,"6'2""",26,10/08/1999,6,PG
202695,https://cdn.nba.com/headshots/nba/latest/520x380/202695.png,Kawhi Leonard,LAC,FC,2,San Diego State,225,"6'7""",34,6/29/1991,14,SF
1630532,https://cdn.nba.com/headshots/nba/latest/520x380/1630532.png,Franz Wagner,ORL,FC,22,Michigan,230,"6'10""",24,8/27/2001,4,SF
1630217,https://cdn.nba.com/headshots/nba/latest/260x190/1630217.png,Desmond Bane,ORL,BC,3,TCU,215,"6'6""",27,6/25/1998,5,SG
1629639,https://cdn.nba.com/headshots/nba/latest/520x380/1629639.png,Tyler Herro,MIA,BC,14,Kentucky,195,"6'5""",26,1/20/2000,6,SG
1628991,https://cdn.nba.com/headshots/nba/latest/520x380/1628991.png,Jaren Jackson Jr.,UTA,FC,8,Michigan State,242,"6'10""",26,9/15/1999,7,PF
1627783,https://cdn.nba.com/headshots/nba/latest/520x380/1627783.png,Pascal Siakam,IND,FC,43,New Mexico State,245,"6'8""",32,02/04/1994,9,PF
1627750,https://cdn.nba.com/headshots/nba/latest/520x380/1627750.png,Jamal Murray,DEN,BC,27,Kentucky,215,"6'4""",29,2/23/1997,9,PG
1630596,https://cdn.nba.com/headshots/nba/latest/520x380/1630596.png,Evan Mobley,CLE,FC,4,Southern California,215,"7'0""",24,6/18/2001,4,PF
202696,https://cdn.nba.com/headshots/nba/latest/520x380/202696.png,Nikola Vučević,BOS,FC,9,Southern California,260,"6'10""",35,10/24/1990,14,C
201942,https://cdn.nba.com/headshots/nba/latest/260x190/201942.png,DeMar DeRozan,SAC,BC,10,Southern California,220,"6'6""",36,07/08/1989,16,SF
1631096,https://cdn.nba.com/headshots/nba/latest/260x190/1631096.png,Chet Holmgren,OKC,FC,7,Gonzaga,213,"7'1""",24,01/05/2002,2,C
1628404,https://cdn.nba.com/headshots/nba/latest/520x380/1628404.png,Josh Hart,NYK,BC,3,Villanova,215,"6'4""",30,06/03/1995,8,SF
1627749,https://cdn.nba.com/headshots/nba/latest/520x380/1627749.png,Dejounte Murray,NOP,BC,5,Washington,181,"6'5""",29,9/19/1996,9,SG
1641708,https://cdn.nba.com/headshots/nba/latest/260x190/1641708.png,Amen Thompson,HOU,BC,1,None,215,"6'7""",23,1/30/2003,2,SG
202710,https://cdn.nba.com/headshots/nba/latest/520x380/202710.png,Jimmy Butler III,GSW,FC,10,Marquette,230,"6'7""",36,9/14/1989,14,SF
202681,https://cdn.nba.com/headshots/nba/latest/520x380/202681.png,Kyrie Irving,DAL,BC,11,Duke,191,"6'2""",33,23/03/1992,14,PG
1630581,https://cdn.nba.com/headshots/nba/latest/520x380/1630581.png,Josh Giddey,CHI,BC,3,None,216,"6'8""",23,10/10/2002,4,SG
1628970,https://cdn.nba.com/headshots/nba/latest/520x380/1628970.png,Miles Bridges,CHA,FC,0,Michigan State,225,"6'7""",27,3/21/1998,6,SF
1627759,https://cdn.nba.com/headshots/nba/latest/520x380/1627759.png,Jaylen Brown,BOS,BC,7,California,237,"6'6""",29,10/24/1996,9,SG
1630552,https://cdn.nba.com/headshots/nba/latest/520x380/1630552.png,Jalen Johnson,ATL,FC,1,Duke,220,"6'9""",24,12/18/2001,4,PF
1630700,https://cdn.nba.com/headshots/nba/latest/520x380/1630700.png,Dyson Daniels,ATL,BC,5,None,203,"6'7""",22,3/17/2003,3,PG
1628374,https://cdn.nba.com/headshots/nba/latest/520x380/1628374.png,Lauri Markkanen,UTA,FC,23,Arizona,244,"7'0""",28,5/22/1997,8,PF
1628384,https://cdn.nba.com/headshots/nba/latest/520x380/1628384.png,OG Anunoby,NYK,FC,8,Indiana,240,"6'7""",28,7/17/1997,8,SF
203497,https://cdn.nba.com/headshots/nba/latest/520x380/203497.png,Rudy Gobert,MIN,FC,27,None,255,"7'1""",33,6/26/1992,12,C
203944,https://cdn.nba.com/headshots/nba/latest/520x380/203944.png,Julius Randle,MIN,FC,30,Kentucky,255,"6'9""",31,11/29/1994,11,PF
1630559,https://cdn.nba.com/headshots/nba/latest/260x190/1630559.png,Austin Reaves,LAL,BC,15,Oklahoma,210,"6'5""",27,5/29/1998,4,SG
1628386,https://cdn.nba.com/headshots/nba/latest/520x380/1628386.png,Jarrett Allen,CLE,FC,31,Texas,248,"6'11""",27,4/21/1998,8,C
1629636,https://cdn.nba.com/headshots/nba/latest/520x380/1629636.png,Darius Garland,LAC,BC,10,Vanderbilt,186,"6'1""",26,1/26/2000,6,PG
1629628,https://cdn.nba.com/headshots/nba/latest/520x380/1629628.png,RJ Barrett,TOR,FC,9,Duke,222,"6'7""",25,6/14/2000,6,SG
203897,https://cdn.nba.com/headshots/nba/latest/520x380/203897.png,Zach LaVine,SAC,BC,8,UCLA,200,"6'5""",30,10/03/1995,11,SG
203081,https://cdn.nba.com/headshots/nba/latest/520x380/203081.png,Damian Lillard,POR,BC,0,Weber State,200,"6'2""",35,15/07/1990,13,PG
1630224,https://cdn.nba.com/headshots/nba/latest/520x380/1630224.png,Jalen Green,PHX,BC,4,None,186,"6'4""",23,09/02/2002,4,SG
1628969,https://cdn.nba.com/headshots/nba/latest/520x380/1628969.png,Mikal Bridges,NYK,FC,25,Villanova,209,"6'6""",29,8/30/1996,7,SF
1626167,https://cdn.nba.com/headshots/nba/latest/520x380/1626167.png,Myles Turner,MIL,FC,3,Texas,250,"6'11""",29,3/24/1996,10,C
1631105,https://cdn.nba.com/headshots/nba/latest/520x380/1631105.png,Jalen Duren,DET,FC,0,Memphis,250,"6'11""",22,11/18/2003,3,C
1642843,https://cdn.nba.com/headshots/nba/latest/260x190/1642843.png,Cooper Flagg,DAL,FC,32,Duke,205,"6'9""",19,12/21/2006,0,PF
1630182,https://cdn.nba.com/headshots/nba/latest/520x380/1630182.png,Josh Green,CHA,BC,10,Arizona,200,"6'5""",25,11/16/2000,5,SF
1629008,https://cdn.nba.com/headshots/nba/latest/520x380/1629008.png,Michael Porter Jr.,BKN,FC,17,Missouri,225,"6'10""",27,6/29/1998,6,SF
1628401,https://cdn.nba.com/headshots/nba/latest/260x190/1628401.png,Derrick White,BOS,BC,9,Colorado,200,"6'4""",32,02/07/1994,8,SG
203468,https://cdn.nba.com/headshots/nba/latest/260x190/203468.png,CJ McCollum,ATL,BC,3,Lehigh,204,"6'4""",34,9/19/1991,12,PG
1631117,https://cdn.nba.com/headshots/nba/latest/520x380/1631117.png,Walker Kessler,UTA,FC,24,Auburn,271,"7'1""",24,7/26/2001,3,C
1627742,https://cdn.nba.com/headshots/nba/latest/260x190/1627742.png,Brandon Ingram,TOR,FC,3,Duke,205,"6'8""",29,02/09/1997,9,SF
1627751,https://cdn.nba.com/headshots/nba/latest/520x380/1627751.png,Jakob Poeltl,TOR,FC,19,Utah,253,"7'0""",30,10/15/1995,9,C
1630170,https://cdn.nba.com/headshots/nba/latest/520x380/1630170.png,Devin Vassell,SAS,BC,24,Florida State,205,"6'5""",25,8/23/2000,5,SG
1630166,https://cdn.nba.com/headshots/nba/latest/260x190/1630166.png,Deni Avdija,POR,FC,8,None,228,"6'9""",25,03/01/2001,5,SF
1631101,https://cdn.nba.com/headshots/nba/latest/520x380/1631101.png,Shaedon Sharpe,POR,BC,17,Kentucky,210,"6'6""",22,5/30/2003,3,SG
202331,https://cdn.nba.com/headshots/nba/latest/520x380/202331.png,Paul George,PHI,FC,8,Fresno State,230,"6'8""",36,02/05/1990,15,SF
1630530,https://cdn.nba.com/headshots/nba/latest/520x380/1630530.png,Trey Murphy III,NOP,FC,25,Virginia,217,"6'8""",25,6/18/2000,4,SF
202699,https://cdn.nba.com/headshots/nba/latest/520x380/202699.png,Tobias Harris,DET,FC,12,Tennessee,226,"6'8""",33,7/15/1992,14,SF
1629632,https://cdn.nba.com/headshots/nba/latest/520x380/1629632.png,Coby White,CHA,BC,0,North Carolina,195,"6'5""",26,2/16/2000,6,SG
1641706,https://cdn.nba.com/headshots/nba/latest/260x190/1641706.png,Brandon Miller,CHA,FC,24,Alabama,200,"6'7""",23,11/22/2002,2,SF
1629651,https://cdn.nba.com/headshots/nba/latest/520x380/1629651.png,Nic Claxton,BKN,FC,33,Georgia,228,"6'11""",26,4/17/1999,6,C
1629014,https://cdn.nba.com/headshots/nba/latest/260x190/1629014.png,Anfernee Simons,CHI,BC,4,None,200,"6'4""",26,08/06/1999,7,SG
1630168,https://cdn.nba.com/headshots/nba/latest/520x380/1630168.png,Onyeka Okongwu,ATL,FC,17,Southern California,245,"6'9""",25,11/12/2000,5,C
1631109,https://cdn.nba.com/headshots/nba/latest/520x380/1631109.png,Mark Williams,PHX,FC,15,Duke,241,"7'0""",24,12/16/2001,3,C
1628392,https://cdn.nba.com/headshots/nba/latest/520x380/1628392.png,Isaiah Hartenstein,OKC,FC,55,None,267,"7'0""",27,05/05/1998,7,C
1629673,https://cdn.nba.com/headshots/nba/latest/520x380/1629673.png,Jordan Poole,NOP,BC,3,Michigan,200,"6'4""",26,6/19/1999,6,PG
1631128,https://cdn.nba.com/headshots/nba/latest/260x190/1631128.png,Christian Braun,DEN,BC,0,Kansas,220,"6'6""",24,4/17/2001,3,SG
1630560,https://cdn.nba.com/headshots/nba/latest/260x190/1630560.png,Cam Thomas,MIL,BC,24,Louisiana State,214,"6'3""",24,10/13/2001,4,SG
204001,https://cdn.nba.com/headshots/nba/latest/520x380/204001.png,Kristaps Porziņģis,GSW,FC,8,None,240,"7'3""",31,02/08/1995,10,C
1631099,https://cdn.nba.com/headshots/nba/latest/520x380/1631099.png,Keegan Murray,SAC,FC,13,Iowa,215,"6'8""",25,8/19/2000,3,PF
1628370,https://cdn.nba.com/headshots/nba/latest/520x380/1628370.png,Malik Monk,SAC,BC,0,Kentucky,200,"6'3""",27,04/02/1998,8,SG
1629028,https://cdn.nba.com/headshots/nba/latest/260x190/1629028.png,Deandre Ayton,LAL,FC,5,Arizona,260,"7'0""",27,7/23/1998,7,C
203110,https://cdn.nba.com/headshots/nba/latest/520x380/203110.png,Draymond Green,GSW,FC,23,Michigan State,230,"6'6""",35,04/03/1990,13,PF
1630202,https://cdn.nba.com/headshots/nba/latest/520x380/1630202.png,Payton Pritchard,BOS,BC,11,Oregon,211,"6'2""",28,1/28/1998,5,PG
1642259,https://cdn.nba.com/headshots/nba/latest/260x190/1642259.png,Alex Sarr,WAS,FC,20,None,236,"7'1""",20,4/26/2005,1,PF
203994,https://cdn.nba.com/headshots/nba/latest/520x380/203994.png,Jusuf Nurkić,UTA,FC,30,None,290,"7'0""",31,8/23/1994,11,C
1641718,https://cdn.nba.com/headshots/nba/latest/520x380/1641718.png,Keyonte George,UTA,BC,3,Baylor,185,"6'4""",22,08/11/2003,2,SG
1630193,https://cdn.nba.com/headshots/nba/latest/520x380/1630193.png,Immanuel Quickley,TOR,BC,5,Kentucky,197,"6'3""",26,6/17/1999,5,PG
1630591,https://cdn.nba.com/headshots/nba/latest/520x380/1630591.png,Jalen Suggs,ORL,BC,4,Gonzaga,212,"6'5""",24,03/06/2001,4,SG
1629675,https://cdn.nba.com/headshots/nba/latest/520x380/1629675.png,Naz Reid,MIN,FC,11,Louisiana State,241,"6'9""",26,8/26/1999,6,C
1630183,https://cdn.nba.com/headshots/nba/latest/520x380/1630183.png,Jaden McDaniels,MIN,FC,3,Washington,205,"6'9""",25,9/29/2000,5,PF
1626181,https://cdn.nba.com/headshots/nba/latest/520x380/1626181.png,Norman Powell,MIA,BC,24,UCLA,215,"6'4""",32,5/25/1993,10,SG
1628381,https://cdn.nba.com/headshots/nba/latest/520x380/1628381.png,John Collins,LAC,FC,20,Wake Forest,226,"6'9""",28,9/23/1997,8,PF
203932,https://cdn.nba.com/headshots/nba/latest/260x190/203932.png,Aaron Gordon,DEN,FC,32,Arizona,235,"6'8""",30,9/16/1995,11,PF
1629023,https://cdn.nba.com/headshots/nba/latest/520x380/1629023.png,P.J. Washington,DAL,FC,25,Kentucky,230,"6'7""",27,8/23/1998,6,PF
1642264,https://cdn.nba.com/headshots/nba/latest/520x380/1642264.png,Stephon Castle,SAS,BC,5,Connecticut,220,"6'6""",22,01/11/2004,1,SG
203471,https://cdn.nba.com/headshots/nba/latest/260x190/203471.png,Dennis Schröder,CLE,BC,17,None,175,"6'1""",32,9/15/1993,12,PG
1641739,https://cdn.nba.com/headshots/nba/latest/520x380/1641739.png,Toumani Camara,POR,FC,33,Dayton,230,"6'8""",25,08/05/2000,2,SF
203924,https://cdn.nba.com/headshots/nba/latest/520x380/203924.png,Jerami Grant,POR,FC,9,Syracuse,213,"6'8""",31,12/03/1994,11,PF
1630703,https://cdn.nba.com/headshots/nba/latest/520x380/1630703.png,Scoot Henderson,POR,BC,0,None,207,"6'4""",22,03/02/2004,2,PG
1628398,https://cdn.nba.com/headshots/nba/latest/520x380/1628398.png,Kyle Kuzma,MIL,FC,18,Utah,232,"6'8""",30,7/24/1995,8,PF
203952,https://cdn.nba.com/headshots/nba/latest/260x190/203952.png,Andrew Wiggins,MIA,FC,22,Kansas,197,"6'7""",31,2/23/1995,11,SF
203078,https://cdn.nba.com/headshots/nba/latest/260x190/203078.png,Bradley Beal,LAC,BC,0,Florida,207,"6'4""",32,6/28/1993,13,SG
101108,https://cdn.nba.com/headshots/nba/latest/260x190/101108.png,Chris Paul,LAC,BC,3,Wake Forest,175,"6'0""",40,06/05/1985,20,PG
1631097,https://cdn.nba.com/headshots/nba/latest/260x190/1631097.png,Bennedict Mathurin,LAC,BC,0,Arizona,210,"6'5""",23,6/19/2002,3,SG
203991,https://cdn.nba.com/headshots/nba/latest/260x190/203991.png,Clint Capela,HOU,FC,30,None,240,"6'10""",31,5/18/1994,11,C
1631095,https://cdn.nba.com/headshots/nba/latest/520x380/1631095.png,Jabari Smith Jr.,HOU,FC,10,Auburn,213,"6'11""",22,5/13/2003,3,PF
1631106,https://cdn.nba.com/headshots/nba/latest/520x380/1631106.png,Tari Eason,HOU,FC,17,Louisiana State,217,"6'8""",24,10/05/2001,3,SF
1631093,https://cdn.nba.com/headshots/nba/latest/520x380/1631093.png,Jaden Ivey,CHI,BC,23,Purdue,195,"6'4""",24,2/13/2002,3,SG
1641709,https://cdn.nba.com/headshots/nba/latest/260x190/1641709.png,Ausar Thompson,DET,BC,9,None,215,"6'7""",23,1/30/2003,2,SG
1629655,https://cdn.nba.com/headshots/nba/latest/520x380/1629655.png,Daniel Gafford,DAL,FC,21,Arkansas,234,"6'10""",28,01/10/1998,6,C
1626156,https://cdn.nba.com/headshots/nba/latest/260x190/1626156.png,D'Angelo Russell,WAS,BC,5,Ohio State,193,"6'3""",30,2/23/1996,10,PG
1629012,https://cdn.nba.com/headshots/nba/latest/260x190/1629012.png,Collin Sexton,CHI,BC,8,Alabama,190,"6'3""",26,04/01/1999,7,PG
203114,https://cdn.nba.com/headshots/nba/latest/520x380/203114.png,Khris Middleton,DAL,FC,22,Texas A&M,236,"6'8""",34,12/08/1991,13,SF
203903,https://cdn.nba.com/headshots/nba/latest/520x380/203903.png,Jordan Clarkson,NYK,BC,0,Missouri,194,"6'3""",33,07/06/1992,11,SG
1642274,https://cdn.nba.com/headshots/nba/latest/520x380/1642274.png,Yves Missi,NOP,FC,21,Baylor,236,"6'11""",21,5/14/2004,1,C
1628978,https://cdn.nba.com/headshots/nba/latest/520x380/1628978.png,Donte DiVincenzo,MIN,BC,0,Villanova,208,"6'4""",29,1/31/1997,7,SG
1626171,https://cdn.nba.com/headshots/nba/latest/260x190/1626171.png,Bobby Portis,MIL,FC,9,Arkansas,261,"6'9""",30,10/02/1995,10,PF
1630583,https://cdn.nba.com/headshots/nba/latest/520x380/1630583.png,Santi Aldama,MEM,FC,7,Loyola-Maryland,224,"7'0""",24,10/01/2001,4,PF
1630590,https://cdn.nba.com/headshots/nba/latest/520x380/1630590.png,Scotty Pippen Jr.,MEM,BC,1,Vanderbilt,170,"6'1""",25,10/11/2000,3,PG
1627832,https://cdn.nba.com/headshots/nba/latest/520x380/1627832.png,Fred VanVleet,HOU,BC,5,Wichita State,193,"6'0""",31,25/02/1994,9,PG
1641764,https://cdn.nba.com/headshots/nba/latest/260x190/1641764.png,Brandin Podziemski,GSW,BC,2,Santa Clara,205,"6'4""",23,2/25/2003,2,SG
1630191,https://cdn.nba.com/headshots/nba/latest/520x380/1630191.png,Isaiah Stewart,DET,FC,28,Washington,250,"6'9""",24,5/22/2001,5,PF
1629661,https://cdn.nba.com/headshots/nba/latest/260x190/1629661.png,Cameron Johnson,DEN,FC,23,North Carolina,210,"6'8""",30,03/03/1996,6,PF
1629631,https://cdn.nba.com/headshots/nba/latest/260x190/1629631.png,De'Andre Hunter,SAC,BC,12,Virginia,221,"6'8""",29,02/12/1997,6,SF
1630245,https://cdn.nba.com/headshots/nba/latest/260x190/1630245.png,Ayo Dosunmu,MIN,BC,11,Illinois,200,"6'5""",26,1/17/2000,4,PG
1641731,https://cdn.nba.com/headshots/nba/latest/520x380/1641731.png,Bilal Coulibaly,WAS,FC,0,None,203,"6'8""",21,7/26/2004,2,SG
1642267,https://cdn.nba.com/headshots/nba/latest/260x190/1642267.png,Bub Carrington,WAS,BC,7,Pittsburgh,196,"6'4""",20,7/21/2005,1,PG
201950,https://cdn.nba.com/headshots/nba/latest/520x380/201950.png,Jrue Holiday,POR,BC,5,UCLA,220,"6'4""",35,12/06/1990,16,PG
1629060,https://cdn.nba.com/headshots/nba/latest/520x380/1629060.png,Rui Hachimura,LAL,FC,28,Gonzaga,245,"6'8""",27,08/02/1998,6,PF
1627747,https://cdn.nba.com/headshots/nba/latest/260x190/1627747.png,Caris LeVert,DET,BC,8,Michigan,205,"6'6""",31,8/25/1994,9,SF
1641726,https://cdn.nba.com/headshots/nba/latest/260x190/1641726.png,Dereck Lively II,DAL,FC,2,Duke,234,"7'1""",21,12/02/2004,2,C
1642271,https://cdn.nba.com/headshots/nba/latest/520x380/1642271.png,Kyle Filipowski,UTA,FC,22,Duke,244,"6'11""",22,07/11/2003,1,C
1642846,https://cdn.nba.com/headshots/nba/latest/260x190/1642846.png,Ace Bailey,UTA,FC,19,Rutgers,210,"6'8""",19,8/13/2006,0,SF
1642268,https://cdn.nba.com/headshots/nba/latest/520x380/1642268.png,Isaiah Collier,UTA,BC,8,Southern California,221,"6'3""",21,08/10/2004,1,PG
1631110,https://cdn.nba.com/headshots/nba/latest/520x380/1631110.png,Jeremy Sochan,NYK,FC,10,Baylor,225,"6'8""",22,5/20/2003,3,PF
1642844,https://cdn.nba.com/headshots/nba/latest/520x380/1642844.png,Dylan Harper,SAS,BC,2,Rutgers,220,"6'5""",20,02/03/2006,0,PG
201566,https://cdn.nba.com/headshots/nba/latest/520x380/201566.png,Russell Westbrook,SAC,BC,18,UCLA,200,"6'4""",37,12/11/1988,17,PG
1642270,https://cdn.nba.com/headshots/nba/latest/520x380/1642270.png,Donovan Clingan,POR,FC,23,Connecticut,280,"7'3""",22,2/23/2004,1,C
1626220,https://cdn.nba.com/headshots/nba/latest/520x380/1626220.png,Royce O'Neale,PHX,FC,0,Baylor,226,"6'6""",32,05/06/1993,8,PF
1630208,https://cdn.nba.com/headshots/nba/latest/520x380/1630208.png,Nick Richards,CHI,FC,2,Kentucky,245,"7'0""",28,11/29/1997,5,C
1626162,https://cdn.nba.com/headshots/nba/latest/520x380/1626162.png,Kelly Oubre Jr.,PHI,BC,9,Kansas,210,"6'8""",30,09/12/1995,10,SF
1628976,https://cdn.nba.com/headshots/nba/latest/520x380/1628976.png,Wendell Carter Jr.,ORL,FC,34,Duke,262,"6'10""",26,4/16/1999,7,C
1626145,https://cdn.nba.com/headshots/nba/latest/520x380/1626145.png,Tyus Jones,DEN,BC,2,Duke,196,"6'0""",29,10/05/1996,10,PG
1629652,https://cdn.nba.com/headshots/nba/latest/520x380/1629652.png,Luguentz Dort,OKC,BC,5,Arizona State,222,"6'4""",26,4/19/1999,6,SF
1630529,https://cdn.nba.com/headshots/nba/latest/520x380/1630529.png,Herbert Jones,NOP,FC,2,Alabama,212,"6'7""",27,06/10/1998,4,SF
1630180,https://cdn.nba.com/headshots/nba/latest/520x380/1630180.png,Saddiq Bey,NOP,FC,41,Villanova,215,"6'7""",26,09/04/1999,5,PF
1629645,https://cdn.nba.com/headshots/nba/latest/520x380/1629645.png,Kevin Porter Jr.,MIL,BC,7,Southern California,199,"6'5""",25,04/05/2000,5,PG
1631170,https://cdn.nba.com/headshots/nba/latest/520x380/1631170.png,Jaime Jaquez Jr.,MIA,FC,11,UCLA,225,"6'6""",25,2/18/2001,2,SF
1642276,https://cdn.nba.com/headshots/nba/latest/520x380/1642276.png,Kel'el Ware,MIA,FC,7,Indiana,230,"7'0""",21,4/20/2004,1,C
1626179,https://cdn.nba.com/headshots/nba/latest/520x380/1626179.png,Terry Rozier,MIA,BC,2,Louisville,190,"6'1""",31,17/03/1994,10,PG
1641713,https://cdn.nba.com/headshots/nba/latest/520x380/1641713.png,GG Jackson,MEM,FC,45,South Carolina,210,"6'9""",21,12/17/2004,2,PF
1641744,https://cdn.nba.com/headshots/nba/latest/520x380/1641744.png,Zach Edey,MEM,FC,14,Purdue,305,"7'4""",23,5/14/2002,1,C
1642377,https://cdn.nba.com/headshots/nba/latest/520x380/1642377.png,Jaylen Wells,MEM,FC,0,Washington State,206,"6'8""",22,8/26/2003,1,SF
1631246,https://cdn.nba.com/headshots/nba/latest/520x380/1631246.png,Vince Williams Jr.,UTA,BC,5,Virginia Commonwealth,205,"6'4""",25,8/30/2000,3,SG
203484,https://cdn.nba.com/headshots/nba/latest/520x380/203484.png,Kentavious Caldwell-Pope,MEM,BC,3,Georgia,204,"6'5""",33,2/18/1993,12,SG
201572,https://cdn.nba.com/headshots/nba/latest/260x190/201572.png,Brook Lopez,LAC,FC,11,Stanford,282,"7'1""",38,01/04/1988,17,C
203992,https://cdn.nba.com/headshots/nba/latest/260x190/203992.png,Bogdan Bogdanović,LAC,BC,10,None,225,"6'5""",33,8/18/1992,8,SG
1630167,https://cdn.nba.com/headshots/nba/latest/520x380/1630167.png,Obi Toppin,IND,FC,1,Dayton,220,"6'9""",27,04/03/1998,5,PF
1630174,https://cdn.nba.com/headshots/nba/latest/260x190/1630174.png,Aaron Nesmith,IND,FC,23,Vanderbilt,215,"6'6""",26,10/16/1999,5,PF
1630643,https://cdn.nba.com/headshots/nba/latest/520x380/1630643.png,Jay Huff,IND,FC,32,Virginia,240,"7'1""",28,8/25/1997,4,C
1629614,https://cdn.nba.com/headshots/nba/latest/260x190/1629614.png,Andrew Nembhard,IND,BC,2,Gonzaga,191,"6'4""",26,1/16/2000,3,PG
1642263,https://cdn.nba.com/headshots/nba/latest/520x380/1642263.png,Reed Sheppard,HOU,BC,15,Kentucky,182,"6'2""",21,6/24/2004,1,PG
201143,https://cdn.nba.com/headshots/nba/latest/260x190/201143.png,Al Horford,GSW,FC,20,Florida,240,"6'9""",39,03/06/1986,18,C
1630228,https://cdn.nba.com/headshots/nba/latest/520x380/1630228.png,Jonathan Kuminga,ATL,FC,1,None,225,"6'7""",23,06/10/2002,4,PF
1627741,https://cdn.nba.com/headshots/nba/latest/260x190/1627741.png,Buddy Hield,ATL,BC,7,Oklahoma,220,"6'4""",33,12/17/1992,9,SF
202685,https://cdn.nba.com/headshots/nba/latest/520x380/202685.png,Jonas Valančiūnas,DEN,FC,17,None,265,"6'11""",33,06/05/1992,13,C
202691,https://cdn.nba.com/headshots/nba/latest/520x380/202691.png,Klay Thompson,DAL,BC,31,Washington State,220,"6'6""",35,08/02/1990,14,SG
1630230,https://cdn.nba.com/headshots/nba/latest/520x380/1630230.png,Naji Marshall,DAL,FC,13,Xavier,225,"6'6""",28,1/24/1998,5,SF
1629684,https://cdn.nba.com/headshots/nba/latest/520x380/1629684.png,Grant Williams,CHA,FC,2,Tennessee,236,"6'6""",27,11/30/1998,6,PF
1630544,https://cdn.nba.com/headshots/nba/latest/520x380/1630544.png,Tre Mann,CHA,BC,23,Florida,178,"6'3""",25,03/02/2001,4,PG
1642258,https://cdn.nba.com/headshots/nba/latest/520x380/1642258.png,Zaccharie Risacher,ATL,FC,10,None,215,"6'9""",20,08/04/2005,1,SF
1631210,https://cdn.nba.com/headshots/nba/latest/520x380/1631210.png,Jacob Toppin,ATL,FC,0,Kentucky,200,"6'8""",25,08/05/2000,2,SF
1628379,https://cdn.nba.com/headshots/nba/latest/520x380/1628379.png,Luke Kennard,LAL,BC,3,Duke,206,"6'5""",29,6/24/1996,8,SG
1641715,https://cdn.nba.com/headshots/nba/latest/260x190/1641715.png,Cam Whitmore,WAS,FC,1,Villanova,250,"6'7""",21,08/07/2004,2,SF
1642848,https://cdn.nba.com/headshots/nba/latest/520x380/1642848.png,Tre Johnson,WAS,BC,12,Texas,196,"6'6""",19,07/03/2006,,SG
1641711,https://cdn.nba.com/headshots/nba/latest/520x380/1641711.png,Gradey Dick,TOR,BC,1,Kansas,209,"6'7""",22,11/20/2003,2,SG
1629640,https://cdn.nba.com/headshots/nba/latest/520x380/1629640.png,Keldon Johnson,SAS,FC,3,Kentucky,215,"6'6""",26,11/10/1999,6,SF
1631165,https://cdn.nba.com/headshots/nba/latest/520x380/1631165.png,Keon Ellis,CLE,BC,23,Alabama,175,"6'5""",25,08/01/2000,3,SG
1628415,https://cdn.nba.com/headshots/nba/latest/520x380/1628415.png,Dillon Brooks,PHX,BC,3,Oregon,225,"6'6""",30,1/22/1996,8,SF
1642272,https://cdn.nba.com/headshots/nba/latest/520x380/1642272.png,Jared McCain,OKC,BC,20,Duke,210,"6'3""",22,2/20/2004,1,PG
1629656,https://cdn.nba.com/headshots/nba/latest/520x380/1629656.png,Quentin Grimes,PHI,BC,5,Houston,210,"6'4""",25,08/05/2000,4,SG
1629048,https://cdn.nba.com/headshots/nba/latest/520x380/1629048.png,Goga Bitadze,ORL,FC,35,None,250,"6'11""",26,7/20/1999,6,C
1641710,https://cdn.nba.com/headshots/nba/latest/260x190/1641710.png,Anthony Black,ORL,BC,0,Arkansas,212,"6'7""",22,1/20/2004,2,PG
1627936,https://cdn.nba.com/headshots/nba/latest/260x190/1627936.png,Alex Caruso,OKC,BC,9,Texas A&M,187,"6'5""",32,2/28/1994,8,SG
1641717,https://cdn.nba.com/headshots/nba/latest/260x190/1641717.png,Cason Wallace,OKC,BC,22,Kentucky,200,"6'4""",22,07/11/2003,2,PG
1629011,https://cdn.nba.com/headshots/nba/latest/520x380/1629011.png,Mitchell Robinson,NYK,FC,23,Western Kentucky,240,"7'0""",28,01/04/1998,7,C
1627824,https://cdn.nba.com/headshots/nba/latest/520x380/1627824.png,Guerschon Yabusele,CHI,FC,28,None,265,"6'8""",30,12/17/1995,3,PF
1630631,https://cdn.nba.com/headshots/nba/latest/520x380/1630631.png,Jose Alvarado,NYK,BC,15,Georgia Tech,182,"6'0""",27,12/04/1998,4,PG
201144,https://cdn.nba.com/headshots/nba/latest/520x380/201144.png,Mike Conley,MIN,BC,10,Ohio State,183,"6'1""",38,11/10/1987,18,PG
1630175,https://cdn.nba.com/headshots/nba/latest/260x190/1630175.png,Cole Anthony,MIL,BC,50,North Carolina,198,"6'2""",25,5/15/2000,5,PG
1629660,https://cdn.nba.com/headshots/nba/latest/520x380/1629660.png,Ty Jerome,MEM,BC,2,Virginia,195,"6'5""",28,08/07/1997,6,PG
203935,https://cdn.nba.com/headshots/nba/latest/520x380/203935.png,Marcus Smart,LAL,BC,36,Oklahoma State,220,"6'3""",31,06/03/1994,11,PG
204456,https://cdn.nba.com/headshots/nba/latest/520x380/204456.png,T.J. McConnell,IND,BC,9,Arizona,190,"6'1""",33,3/25/1992,10,PG
1631218,https://cdn.nba.com/headshots/nba/latest/520x380/1631218.png,Trayce Jackson-Davis,TOR,FC,32,Indiana,245,"6'9""",26,2/22/2000,2,PF
1628997,https://cdn.nba.com/headshots/nba/latest/260x190/1628997.png,Caleb Martin,DAL,FC,16,Nevada,205,"6'5""",30,9/28/1995,6,PF
1631108,https://cdn.nba.com/headshots/nba/latest/520x380/1631108.png,Max Christie,DAL,BC,0,MIchigan State,205,"6'5""",22,10/02/2003,3,SG
1628989,https://cdn.nba.com/headshots/nba/latest/520x380/1628989.png,Kevin Huerter,DET,BC,13,Maryland,198,"6'7""",27,8/27/1998,7,SG
1630549,https://cdn.nba.com/headshots/nba/latest/260x190/1630549.png,Day'Ron Sharpe,BKN,FC,20,North Carolina,265,"6'10""",24,06/11/2001,4,C
1629638,https://cdn.nba.com/headshots/nba/latest/520x380/1629638.png,Nickeil Alexander-Walker,ATL,BC,7,Virginia Tech,192,"6'5""",28,02/09/1998,6,SG
1642273,https://cdn.nba.com/headshots/nba/latest/520x380/1642273.png,Kyshawn George,WAS,FC,18,Miami (FL),211,"6'9""",22,12/12/2003,1,SF
1628436,https://cdn.nba.com/headshots/nba/latest/520x380/1628436.png,Luke Kornet,SAS,FC,7,Vanderbilt,250,"7'1""",30,7/15/1995,8,C
203084,https://cdn.nba.com/headshots/nba/latest/520x380/203084.png,Harrison Barnes,SAS,FC,40,North Carolina,225,"6'8""",33,5/30/1992,13,SF
1630577,https://cdn.nba.com/headshots/nba/latest/520x380/1630577.png,Julian Champagnie,SAS,FC,30,St. John's,215,"6'7""",24,6/29/2001,3,SF
1629057,https://cdn.nba.com/headshots/nba/latest/520x380/1629057.png,Robert Williams III,POR,FC,35,Texas A&M,249,"6'10""",28,10/17/1997,7,C
1630692,https://cdn.nba.com/headshots/nba/latest/520x380/1630692.png,Jordan Goodwin,PHX,BC,23,St. Louis,200,"6'3""",27,10/23/1998,4,PG
1628960,https://cdn.nba.com/headshots/nba/latest/520x380/1628960.png,Grayson Allen,PHX,BC,8,Duke,218,"6'4""",30,08/10/1995,7,SF
203083,https://cdn.nba.com/headshots/nba/latest/260x190/203083.png,Andre Drummond,PHI,FC,1,Connecticut,279,"6'11""",32,10/08/1993,13,C
1642845,https://cdn.nba.com/headshots/nba/latest/520x380/1642845.png,VJ Edgecombe,PHI,BC,77,Baylor,190,"6'4""",20,7/30/2005,0,SG
1629021,https://cdn.nba.com/headshots/nba/latest/520x380/1629021.png,Moritz Wagner,ORL,FC,21,Michigan,250,"6'11""",28,4/26/1997,7,C
1630598,https://cdn.nba.com/headshots/nba/latest/260x190/1630598.png,Aaron Wiggins,OKC,BC,21,Maryland,200,"6'6""",27,02/01/1999,4,SG
1629018,https://cdn.nba.com/headshots/nba/latest/520x380/1629018.png,Gary Trent Jr.,MIL,BC,5,Duke,201,"6'4""",27,1/18/1999,7,SG
1631107,https://cdn.nba.com/headshots/nba/latest/520x380/1631107.png,Nikola Jović,MIA,FC,5,None,205,"6'10""",22,09/06/2003,3,SF
1630558,https://cdn.nba.com/headshots/nba/latest/260x190/1630558.png,Davion Mitchell,MIA,BC,45,Baylor,202,"6'0""",27,05/09/1998,4,PG
1629634,https://cdn.nba.com/headshots/nba/latest/520x380/1629634.png,Brandon Clarke,MEM,FC,15,Gonzaga,215,"6'8""",29,9/19/1996,6,PF
1627739,https://cdn.nba.com/headshots/nba/latest/520x380/1627739.png,Kris Dunn,LAC,BC,8,Providence,205,"6'3""",31,3/18/1994,9,PG
1629001,https://cdn.nba.com/headshots/nba/latest/520x380/1629001.png,De'Anthony Melton,GSW,BC,8,Southern California,200,"6'3""",27,5/28/1998,7,SG
1641842,https://cdn.nba.com/headshots/nba/latest/520x380/1641842.png,Ronald Holland II,DET,FC,5,None,197,"6'7""",20,07/07/2005,1,SF
1629130,https://cdn.nba.com/headshots/nba/latest/520x380/1629130.png,Duncan Robinson,DET,FC,55,Michigan,215,"6'7""",31,4/22/1994,7,SG
1631212,https://cdn.nba.com/headshots/nba/latest/520x380/1631212.png,Peyton Watson,DEN,FC,8,UCLA,200,"6'7""",23,11/09/2002,3,SF
203501,https://cdn.nba.com/headshots/nba/latest/520x380/203501.png,Tim Hardaway Jr.,DEN,BC,10,Michigan,205,"6'5""",33,3/16/1992,12,SF
1629622,https://cdn.nba.com/headshots/nba/latest/520x380/1629622.png,Max Strus,CLE,BC,1,DePaul,215,"6'5""",29,28/03/1996,6,SG
1641824,https://cdn.nba.com/headshots/nba/latest/520x380/1641824.png,Matas Buzelis,CHI,FC,14,None,209,"6'10""",21,10/13/2004,1,SF
203486,https://cdn.nba.com/headshots/nba/latest/520x380/203486.png,Mason Plumlee,SAS,FC,22,Duke,254,"6'10""",35,05/03/1990,12,C
1630533,https://cdn.nba.com/headshots/nba/latest/520x380/1630533.png,Ziaire Williams,BKN,FC,1,Stanford,206,"6'9""",24,12/09/2001,4,SF
1630551,https://cdn.nba.com/headshots/nba/latest/520x380/1630551.png,Justin Champagnie,WAS,FC,9,Pittsburgh,210,"6'7""",24,6/29/2001,4,SG
1630557,https://cdn.nba.com/headshots/nba/latest/260x190/1630557.png,Corey Kispert,ATL,FC,24,Gonzaga,225,"6'7""",27,03/03/1999,4,SF
1641707,https://cdn.nba.com/headshots/nba/latest/520x380/1641707.png,Taylor Hendricks,MEM,FC,0,Central Florida,227,"6'9""",22,11/22/2003,2,PF
1642383,https://cdn.nba.com/headshots/nba/latest/520x380/1642383.png,Walter Clayton Jr.,MEM,BC,13,Florida,195,"6'3""",22,06/03/2003,0,PG
1642367,https://cdn.nba.com/headshots/nba/latest/520x380/1642367.png,Jonathan Mogbo,TOR,FC,2,San Francisco,219,"6'7""",24,10/29/2001,1,PF
1642867,https://cdn.nba.com/headshots/nba/latest/260x190/1642867.png,Collin Murray-Boyles,TOR,FC,12,South Carolina,245,"6'7""",20,10/06/2005,,PF
1630534,https://cdn.nba.com/headshots/nba/latest/520x380/1630534.png,Ochai Agbaji,BKN,BC,30,Kansas,220,"6'5""",25,4/20/2000,3,SG
203482,https://cdn.nba.com/headshots/nba/latest/520x380/203482.png,Kelly Olynyk,SAS,FC,8,Gonzaga,250,"6'11""",34,4/19/1991,12,PF
1628371,https://cdn.nba.com/headshots/nba/latest/520x380/1628371.png,Jonathan Isaac,ORL,FC,1,Florida State,240,"6'10""",28,03/10/1997,8,PF
1630540,https://cdn.nba.com/headshots/nba/latest/520x380/1630540.png,Miles McBride,NYK,BC,2,West Virginia,195,"6'1""",25,08/09/2000,4,PG
1627752,https://cdn.nba.com/headshots/nba/latest/520x380/1627752.png,Taurean Prince,MIL,FC,12,Baylor,218,"6'6""",31,3/22/1994,9,SF
1631222,https://cdn.nba.com/headshots/nba/latest/520x380/1631222.png,Jake LaRavia,LAL,FC,12,Wake Forest,237,"6'7""",24,03/11/2001,3,PF
1627884,https://cdn.nba.com/headshots/nba/latest/260x190/1627884.png,Derrick Jones Jr.,LAC,FC,5,UNLV,210,"6'6""",29,2/15/1997,9,SF
1630543,https://cdn.nba.com/headshots/nba/latest/520x380/1630543.png,Isaiah Jackson,LAC,FC,22,Kentucky,205,"6'9""",23,10/01/2002,4,PF
1627827,https://cdn.nba.com/headshots/nba/latest/520x380/1627827.png,Dorian Finney-Smith,HOU,FC,2,Florida,225,"6'7""",32,04/05/1993,9,PF
1630541,https://cdn.nba.com/headshots/nba/latest/520x380/1630541.png,Moses Moody,GSW,BC,4,Arkansas,211,"6'5""",23,5/31/2002,4,SG
1626204,https://cdn.nba.com/headshots/nba/latest/520x380/1626204.png,Larry Nance Jr.,CLE,FC,22,Wyoming,245,"6'7""",33,01/01/1993,10,PF
1628366,https://cdn.nba.com/headshots/nba/latest/520x380/1628366.png,Lonzo Ball,CLE,BC,2,UCLA,205,"6'6""",28,10/27/1997,8,PG
1630172,https://cdn.nba.com/headshots/nba/latest/520x380/1630172.png,Patrick Williams,CHI,FC,44,Florida State,215,"6'7""",24,8/26/2001,5,PF
1630188,https://cdn.nba.com/headshots/nba/latest/520x380/1630188.png,Jalen Smith,CHI,FC,25,Maryland,215,"6'9""",25,3/16/2000,5,PF
1630573,https://cdn.nba.com/headshots/nba/latest/520x380/1630573.png,Sam Hauser,BOS,FC,30,Virginia,221,"6'8""",28,08/12/1997,4,SF
1641729,https://cdn.nba.com/headshots/nba/latest/260x190/1641729.png,Brice Sensabaugh,UTA,FC,28,Ohio State,240,"6'6""",22,10/30/2003,2,SF
1642347,https://cdn.nba.com/headshots/nba/latest/520x380/1642347.png,Jamal Shead,TOR,BC,23,Houston,200,"6'0""",23,7/24/2002,1,PG
1629680,https://cdn.nba.com/headshots/nba/latest/520x380/1629680.png,Matisse Thybulle,POR,BC,4,Washington,202,"6'6""",28,04/03/1997,6,SG
1642345,https://cdn.nba.com/headshots/nba/latest/520x380/1642345.png,Oso Ighodaro,PHX,FC,11,Marquette,227,"6'11""",24,02/07/2002,1,PF
1642863,https://cdn.nba.com/headshots/nba/latest/520x380/1642863.png,Khaman Maluach,PHX,FC,10,Duke,253,"7'1""",19,9/14/2006,0,C
200768,https://cdn.nba.com/headshots/nba/latest/520x380/200768.png,Kyle Lowry,PHI,BC,7,Villanova,196,"6'0""",39,3/25/1986,19,PG
1630198,https://cdn.nba.com/headshots/nba/latest/520x380/1630198.png,Isaiah Joe,OKC,BC,11,Arkansas,178,"6'5""",27,02/07/1999,5,SG
1626172,https://cdn.nba.com/headshots/nba/latest/520x380/1626172.png,Kevon Looney,NOP,FC,55,UCLA,249,"6'9""",29,06/02/1996,10,C
1631255,https://cdn.nba.com/headshots/nba/latest/520x380/1631255.png,Karlo Matković,NOP,FC,17,None,260,"6'11""",24,3/30/2001,1,PF
1641722,https://cdn.nba.com/headshots/nba/latest/520x380/1641722.png,Jordan Hawkins,NOP,BC,24,Connecticut,185,"6'5""",23,4/29/2002,2,SG
1629637,https://cdn.nba.com/headshots/nba/latest/520x380/1629637.png,Jaxson Hayes,LAL,FC,11,Texas,225,"7'0""",25,5/23/2000,6,C
1641716,https://cdn.nba.com/headshots/nba/latest/520x380/1641716.png,Jarace Walker,IND,FC,5,Houston,235,"6'7""",22,04/09/2003,2,PF
203500,https://cdn.nba.com/headshots/nba/latest/520x380/203500.png,Steven Adams,HOU,FC,12,Pittsburgh,265,"6'11""",32,7/20/1993,12,C
1630194,https://cdn.nba.com/headshots/nba/latest/520x380/1630194.png,Paul Reed,DET,FC,7,DePaul,210,"6'9""",26,6/14/1999,5,PF
1628971,https://cdn.nba.com/headshots/nba/latest/260x190/1628971.png,Bruce Brown,DEN,FC,11,Miami (FL),202,"6'4""",29,8/15/1996,7,SG
1630314,https://cdn.nba.com/headshots/nba/latest/260x190/1630314.png,Brandon Williams,DAL,BC,10,Arizona,190,"6'1""",26,11/22/1999,3,PG
1630200,https://cdn.nba.com/headshots/nba/latest/520x380/1630200.png,Tre Jones,CHI,BC,30,Duke,185,"6'1""",25,08/01/2000,5,PG
1631217,https://cdn.nba.com/headshots/nba/latest/520x380/1631217.png,Moussa Diabaté,CHA,FC,14,Michigan,210,"6'9""",24,1/21/2002,3,PF
1642851,https://cdn.nba.com/headshots/nba/latest/520x380/1642851.png,Kon Knueppel,CHA,BC,7,Duke,217,"6'7""",20,03/08/2005,0,SG
1641730,https://cdn.nba.com/headshots/nba/latest/520x380/1641730.png,Noah Clowney,BKN,FC,21,Alabama,234,"6'9""",21,7/14/2004,2,PF
1630592,https://cdn.nba.com/headshots/nba/latest/520x380/1630592.png,Jalen Wilson,BKN,FC,22,Kansas,230,"6'6""",25,04/11/2000,2,SF
1629611,https://cdn.nba.com/headshots/nba/latest/520x380/1629611.png,Terance Mann,BKN,BC,14,Florida State,220,"6'5""",29,10/18/1996,6,PG
1642856,https://cdn.nba.com/headshots/nba/latest/520x380/1642856.png,Egor Dëmin,BKN,BC,8,BYU,210,"6'8""",20,03/03/2006,0,PG
1628449,https://cdn.nba.com/headshots/nba/latest/260x190/1628449.png,Chris Boucher,BOS,FC,99,Oregon,202,"6'9""",32,11/01/1993,8,PF
1630249,https://cdn.nba.com/headshots/nba/latest/520x380/1630249.png,Vít Krejčí,POR,BC,27,None,195,"6'8""",25,6/19/2000,4,SG
1627777,https://cdn.nba.com/headshots/nba/latest/520x380/1627777.png,Georges Niang,,FC,31,Iowa State,230,"6'7""",32,17/06/1993,9,SF
203937,https://cdn.nba.com/headshots/nba/latest/520x380/203937.png,Kyle Anderson,MIN,FC,2,UCLA,230,"6'9""",32,9/20/1993,11,SF
201567,https://cdn.nba.com/headshots/nba/latest/520x380/201567.png,Kevin Love,UTA,FC,42,UCLA,251,"6'8""",37,07/09/1988,17,PF
1642266,https://cdn.nba.com/headshots/nba/latest/520x380/1642266.png,Ja'Kobe Walter,TOR,BC,14,Baylor,201,"6'4""",21,04/09/2004,1,SG
202687,https://cdn.nba.com/headshots/nba/latest/260x190/202687.png,Bismack Biyombo,SAS,FC,18,None,260,"6'8""",33,8/28/1992,14,C
1642868,https://cdn.nba.com/headshots/nba/latest/260x190/1642868.png,Carter Bryant,SAS,FC,11,Arizona,220,"6'6""",20,11/26/2005,0,SF
1642269,https://cdn.nba.com/headshots/nba/latest/520x380/1642269.png,Devin Carter,SAC,BC,22,Providence,188,"6'2""",23,3/18/2002,1,PG
1642346,https://cdn.nba.com/headshots/nba/latest/520x380/1642346.png,Ryan Dunn,PHX,FC,0,Virginia,220,"6'8""",22,07/01/2003,1,SF
1630570,https://cdn.nba.com/headshots/nba/latest/520x380/1630570.png,Trendon Watford,PHI,FC,12,Louisiana State,245,"6'8""",25,09/11/2000,4,PF
1641737,https://cdn.nba.com/headshots/nba/latest/260x190/1641737.png,Adem Bona,PHI,FC,30,UCLA,235,"6'10""",22,3/28/2003,1,C
1642348,https://cdn.nba.com/headshots/nba/latest/520x380/1642348.png,Justin Edwards,PHI,FC,11,Kentucky,245,"6'8""",22,12/16/2003,1,SF
1641787,https://cdn.nba.com/headshots/nba/latest/520x380/1641787.png,Tosan Evbuomwan,CHA,FC,20,Princeton,217,"6'7""",25,2/16/2001,2,SF
1642852,https://cdn.nba.com/headshots/nba/latest/260x190/1642852.png,Derik Queen,NOP,FC,22,Maryland,248,"6'10""",21,12/27/2004,0,C
1630548,https://cdn.nba.com/headshots/nba/latest/520x380/1630548.png,Johnny Juzang,MIN,BC,9,UCLA,225,"6'7""",24,3/17/2001,3,SF
1629599,https://cdn.nba.com/headshots/nba/latest/260x190/1629599.png,Amir Coffey,PHX,BC,17,Minnesota,202,"6'7""",28,6/17/1997,6,PF
1631157,https://cdn.nba.com/headshots/nba/latest/520x380/1631157.png,Ryan Rollins,MIL,BC,13,Toledo,198,"6'3""",23,03/07/2002,3,SG
1642857,https://cdn.nba.com/headshots/nba/latest/520x380/1642857.png,Kasparas Jakučionis,MIA,BC,25,Illinois,205,"6'5""",19,5/29/2006,0,PG
1642907,https://cdn.nba.com/headshots/nba/latest/260x190/1642907.png,Cedric Coward,MEM,BC,23,Washington State,213,"6'5""",22,11/09/2003,0,SG
1629020,https://cdn.nba.com/headshots/nba/latest/520x380/1629020.png,Jarred Vanderbilt,LAL,FC,2,Kentucky,228,"6'8""",27,03/04/1999,7,SF
1641733,https://cdn.nba.com/headshots/nba/latest/520x380/1641733.png,Nick Smith Jr.,LAL,BC,20,Arkansas,185,"6'2""",21,4/18/2004,2,PG
1642366,https://cdn.nba.com/headshots/nba/latest/520x380/1642366.png,Quinten Post,GSW,FC,21,Boston College,238,"7'0""",25,3/21/2000,1,C
1629750,https://cdn.nba.com/headshots/nba/latest/520x380/1629750.png,Javonte Green,DET,BC,31,Radford,205,"6'4""",32,7/23/1993,6,SG
1630241,https://cdn.nba.com/headshots/nba/latest/520x380/1630241.png,Sam Merrill,CLE,BC,5,Utah State,205,"6'4""",29,5/15/1996,5,SG
1628380,https://cdn.nba.com/headshots/nba/latest/520x380/1628380.png,Zach Collins,CHI,FC,12,Gonzaga,250,"6'11""",28,11/19/1997,8,C
1642275,https://cdn.nba.com/headshots/nba/latest/520x380/1642275.png,Tidjane Salaün,CHA,FC,31,None,207,"6'8""",20,10/08/2005,1,PF
1629312,https://cdn.nba.com/headshots/nba/latest/520x380/1629312.png,Haywood Highsmith,PHX,FC,7,Wheeling Jesuit,218,"6'5""",29,12/09/1996,5,SF
1631213,https://cdn.nba.com/headshots/nba/latest/520x380/1631213.png,Tyrese Martin,PHI,BC,13,Connecticut,220,"6'6""",26,07/03/1999,2,SG
1629004,https://cdn.nba.com/headshots/nba/latest/520x380/1629004.png,Svi Mykhailiuk,UTA,BC,10,Kansas,227,"6'7""",28,10/06/1997,7,SF
1631133,https://cdn.nba.com/headshots/nba/latest/520x380/1631133.png,Jabari Walker,PHI,FC,33,Colorado,235,"6'7""",23,7/30/2002,3,PF
201569,https://cdn.nba.com/headshots/nba/latest/520x380/201569.png,Eric Gordon,PHI,BC,23,Indiana,215,"6'3""",37,12/25/1988,17,SF
1641783,https://cdn.nba.com/headshots/nba/latest/520x380/1641783.png,Tristan da Silva,ORL,FC,23,Colorado,217,"6'8""",24,5/15/2001,1,PF
1629026,https://cdn.nba.com/headshots/nba/latest/520x380/1629026.png,Kenrich Williams,OKC,FC,34,TCU,207,"6'7""",32,02/12/1994,7,PF
1631119,https://cdn.nba.com/headshots/nba/latest/520x380/1631119.png,Jaylin Williams,OKC,FC,6,Arkansas,241,"6'10""",23,6/29/2002,3,PF
1642260,https://cdn.nba.com/headshots/nba/latest/520x380/1642260.png,Nikola Topić,OKC,BC,44,None,218,"6'6""",20,10/08/2005,0,PG
1642847,https://cdn.nba.com/headshots/nba/latest/520x380/1642847.png,Jeremiah Fears,NOP,BC,0,Oklahoma,183,"6'4""",19,10/14/2006,0,PG
1642265,https://cdn.nba.com/headshots/nba/latest/520x380/1642265.png,Rob Dillingham,CHI,BC,4,Kentucky,170,"6'2""",20,04/01/2005,1,PG
1631260,https://cdn.nba.com/headshots/nba/latest/260x190/1631260.png,AJ Green,MIL,BC,20,Northern Iowa,213,"6'4""",26,9/27/1999,3,SG
1631323,https://cdn.nba.com/headshots/nba/latest/520x380/1631323.png,Simone Fontecchio,MIA,FC,0,None,209,"6'7""",30,09/12/1995,3,SF
1629723,https://cdn.nba.com/headshots/nba/latest/520x380/1629723.png,John Konchar,UTA,BC,46,Indiana-Purdue Fort Wayne,210,"6'5""",29,3/22/1996,6,SG
1642261,https://cdn.nba.com/headshots/nba/latest/260x190/1642261.png,Dalton Knecht,LAL,FC,4,Tennessee,211,"6'6""",24,4/19/2001,1,SG
201587,https://cdn.nba.com/headshots/nba/latest/520x380/201587.png,Nicolas Batum,LAC,FC,33,None,230,"6'8""",37,12/14/1988,17,PF
1641767,https://cdn.nba.com/headshots/nba/latest/260x190/1641767.png,Ben Sheppard,IND,BC,26,Belmont,190,"6'6""",24,7/16/2001,2,SF
1629006,https://cdn.nba.com/headshots/nba/latest/520x380/1629006.png,Josh Okogie,HOU,BC,20,Georgia Tech,210,"6'4""",28,01/09/1998,7,SG
1628988,https://cdn.nba.com/headshots/nba/latest/260x190/1628988.png,Aaron Holiday,HOU,BC,0,UCLA,185,"6'0""",29,9/30/1996,7,PG
1627780,https://cdn.nba.com/headshots/nba/latest/520x380/1627780.png,Gary Payton II,GSW,BC,0,Oregon State,195,"6'2""",34,01/12/1992,9,PG
1631204,https://cdn.nba.com/headshots/nba/latest/520x380/1631204.png,Marcus Sasser,DET,BC,25,Houston,195,"6'2""",25,9/21/2000,2,PG
1631124,https://cdn.nba.com/headshots/nba/latest/520x380/1631124.png,Julian Strawther,DEN,BC,3,Gonzaga,205,"6'6""",23,4/18/2002,2,SF
203957,https://cdn.nba.com/headshots/nba/latest/520x380/203957.png,Dante Exum,WAS,BC,0,None,214,"6'5""",30,13/07/1995,9,PG
1629731,https://cdn.nba.com/headshots/nba/latest/260x190/1629731.png,Dean Wade,CLE,FC,32,Kansas State,219,"6'9""",29,11/20/1996,6,PF
1628418,https://cdn.nba.com/headshots/nba/latest/520x380/1628418.png,Thomas Bryant,CLE,FC,3,Indiana,255,"6'10""",28,7/31/1997,8,C
1642855,https://cdn.nba.com/headshots/nba/latest/520x380/1642855.png,Noa Essengue,CHI,FC,24,None,194,"6'9""",19,12/18/2006,0,PF
1641750,https://cdn.nba.com/headshots/nba/latest/520x380/1641750.png,Ryan Kalkbrenner,CHA,FC,11,Creighton,257,"7'1""",24,1/17/2002,0,C
1642874,https://cdn.nba.com/headshots/nba/latest/520x380/1642874.png,Danny Wolf,BKN,FC,2,Michigan,255,"6'11""",21,05/05/2004,0,C
1629674,https://cdn.nba.com/headshots/nba/latest/520x380/1629674.png,Neemias Queta,BOS,FC,88,Utah State,260,"7'0""",26,7/13/1999,4,C
1630214,https://cdn.nba.com/headshots/nba/latest/520x380/1630214.png,Xavier Tillman,CHA,FC,26,Michigan State,250,"6'8""",26,12/01/1999,5,C
1641723,https://cdn.nba.com/headshots/nba/latest/520x380/1641723.png,Kobe Bufkin,LAL,BC,18,Michigan,195,"6'4""",22,21/09/2003,3,SG
204060,https://cdn.nba.com/headshots/nba/latest/520x380/204060.png,Joe Ingles,MIN,FC,7,None,240,"6'8""",39,02/10/1987,11,SF
1628963,https://cdn.nba.com/headshots/nba/latest/520x380/1628963.png,Marvin Bagley III,DAL,FC,35,Duke,235,"6'11""",26,3/14/1999,7,PF
1641774,https://cdn.nba.com/headshots/nba/latest/520x380/1641774.png,Tristan Vukcevic,WAS,FC,0,None,241,"7'0""",22,11/03/2003,2,PF
1642860,https://cdn.nba.com/headshots/nba/latest/520x380/1642860.png,Will Riley,WAS,FC,27,Illinois,190,"6'10""",19,10/02/2006,,SF
1631103,https://cdn.nba.com/headshots/nba/latest/520x380/1631103.png,Malaki Branham,WAS,BC,8,Ohio State,205,"6'5""",22,12/05/2003,3,SG
1642262,https://cdn.nba.com/headshots/nba/latest/260x190/1642262.png,Cody Williams,UTA,FC,5,Colorado,190,"6'8""",21,11/20/2004,1,SF
1630572,https://cdn.nba.com/headshots/nba/latest/520x380/1630572.png,Sandro Mamukelashvili,TOR,FC,54,Seton Hall,246,"6'9""",26,5/23/1999,4,PF
1642419,https://cdn.nba.com/headshots/nba/latest/520x380/1642419.png,Jamison Battle,TOR,FC,77,Ohio State,218,"6'6""",24,10/05/2001,1,PF
1630639,https://cdn.nba.com/headshots/nba/latest/520x380/1630639.png,A.J. Lawson,TOR,BC,0,South Carolina,185,"6'6""",25,7/15/2000,3,SG
1630322,https://cdn.nba.com/headshots/nba/latest/520x380/1630322.png,Lindy Waters III,SAS,FC,43,Oklahoma State,205,"6'5""",28,7/28/1997,4,SG
203967,https://cdn.nba.com/headshots/nba/latest/260x190/203967.png,Dario Saric,SAC,FC,20,None,225,"6'10""",31,08/04/1994,9,PF
1629234,https://cdn.nba.com/headshots/nba/latest/520x380/1629234.png,Drew Eubanks,SAC,FC,19,Oregon State,245,"6'10""",29,01/02/1997,7,C
1642875,https://cdn.nba.com/headshots/nba/latest/520x380/1642875.png,Maxime Raynaud,SAC,FC,42,Stanford,250,"7'1""",22,07/04/2003,,C
1642363,https://cdn.nba.com/headshots/nba/latest/520x380/1642363.png,Nique Clifford,SAC,BC,5,Colorado State,200,"6'6""",23,09/02/2002,,SF
1631200,https://cdn.nba.com/headshots/nba/latest/520x380/1631200.png,Kris Murray,POR,FC,24,Iowa,218,"6'8""",25,8/19/2000,2,PF
1642905,https://cdn.nba.com/headshots/nba/latest/520x380/1642905.png,Yang Hansen,POR,FC,16,None,270,"7'2""",20,6/26/2005,0,C
1642853,https://cdn.nba.com/headshots/nba/latest/520x380/1642853.png,Rasheer Fleming,PHX,FC,20,Saint Joseph's,232,"6'8""",21,10/07/2004,0,SF
1630587,https://cdn.nba.com/headshots/nba/latest/520x380/1630587.png,Isaiah Livers,PHX,FC,18,Michigan,230,"6'7""",27,7/28/1998,3,SF
1631221,https://cdn.nba.com/headshots/nba/latest/260x190/1631221.png,Collin Gillespie,PHX,BC,12,Villanova,195,"6'1""",26,6/25/1999,2,PG
1630658,https://cdn.nba.com/headshots/nba/latest/520x380/1630658.png,Colin Castleton,ORL,FC,14,Florida,250,"6'11""",25,25/05/2000,2,C
1631115,https://cdn.nba.com/headshots/nba/latest/520x380/1631115.png,Orlando Robinson,ORL,FC,7,Fresno State,245,"6'10""",25,10/07/2000,3,C
1642859,https://cdn.nba.com/headshots/nba/latest/520x380/1642859.png,Jase Richardson,ORL,BC,11,Michigan State,178,"6'1""",20,10/16/2005,0,SG
1630538,https://cdn.nba.com/headshots/nba/latest/260x190/1630538.png,Bones Hyland,MIN,BC,8,Virginia Commonwealth,185,"6'2""",25,9/14/2000,4,PG
1630545,https://cdn.nba.com/headshots/nba/latest/520x380/1630545.png,Terrence Shannon Jr.,MIN,BC,1,Illinois,223,"6'6""",25,7/30/2000,1,SG
1641748,https://cdn.nba.com/headshots/nba/latest/260x190/1641748.png,Andre Jackson Jr.,MIL,BC,44,Connecticut,206,"6'6""",24,11/13/2001,2,SG
203914,https://cdn.nba.com/headshots/nba/latest/520x380/203914.png,Gary Harris,MIL,BC,11,Michigan State,212,"6'4""",31,9/14/1994,11,SG
1630696,https://cdn.nba.com/headshots/nba/latest/520x380/1630696.png,Dru Smith,MIA,BC,12,Missouri,203,"6'2""",28,12/30/1997,3,PG
1629111,https://cdn.nba.com/headshots/nba/latest/520x380/1629111.png,Jock Landale,ATL,FC,31,St. Mary's,255,"6'11""",30,10/25/1995,4,C
1628467,https://cdn.nba.com/headshots/nba/latest/520x380/1628467.png,Maxi Kleber,LAL,FC,14,None,238,"6'10""",34,1/29/1992,8,C
1629216,https://cdn.nba.com/headshots/nba/latest/520x380/1629216.png,Gabe Vincent,ATL,BC,7,California-Santa Barbara,203,"6'2""",29,6/14/1996,6,PG
1630164,https://cdn.nba.com/headshots/nba/latest/520x380/1630164.png,James Wiseman,IND,FC,11,Memphis,250,"7'0""",24,3/31/2001,5,C
201145,https://cdn.nba.com/headshots/nba/latest/520x380/201145.png,Jeff Green,HOU,FC,32,Georgetown,235,"6'8""",39,8/28/1986,18,PF
1641747,https://cdn.nba.com/headshots/nba/latest/260x190/1641747.png,DaRon Holmes II,DEN,FC,14,Dayton,225,"6'10""",23,8/15/2002,0,PF
203939,https://cdn.nba.com/headshots/nba/latest/520x380/203939.png,Dwight Powell,DAL,FC,7,Stanford,240,"6'10""",34,7/20/1991,11,C
1630702,https://cdn.nba.com/headshots/nba/latest/520x380/1630702.png,Jaden Hardy,WAS,BC,1,None,198,"6'4""",23,05/07/2002,3,SG
1641763,https://cdn.nba.com/headshots/nba/latest/520x380/1641763.png,Julian Phillips,MIN,FC,15,Tennessee,198,"6'8""",22,05/11/2003,2,SF
1631207,https://cdn.nba.com/headshots/nba/latest/260x190/1631207.png,Dalen Terry,PHI,BC,7,Arizona,195,"6'7""",23,12/07/2002,3,SF
1630171,https://cdn.nba.com/headshots/nba/latest/520x380/1630171.png,Isaac Okoro,CHI,BC,35,Auburn,225,"6'5""",25,1/26/2001,5,SF
1642862,https://cdn.nba.com/headshots/nba/latest/520x380/1642862.png,Liam McNeeley,CHA,FC,33,Connecticut,215,"6'7""",20,10/10/2005,0,SF
1642962,https://cdn.nba.com/headshots/nba/latest/520x380/1642962.png,Drake Powell,BKN,BC,4,North Carolina,205,"6'5""",20,08/09/2005,0,SG
1642879,https://cdn.nba.com/headshots/nba/latest/260x190/1642879.png,Ben Saraf,BKN,BC,77,None,208,"6'6""",19,4/14/2006,0,PG
1642849,https://cdn.nba.com/headshots/nba/latest/520x380/1642849.png,Nolan Traore,BKN,BC,88,None,180,"6'3""",19,5/28/2006,0,PG
1631248,https://cdn.nba.com/headshots/nba/latest/260x190/1631248.png,Baylor Scheierman,BOS,BC,55,Creighton,213,"6'6""",25,9/26/2000,1,SG
1642864,https://cdn.nba.com/headshots/nba/latest/520x380/1642864.png,Hugo González,BOS,BC,28,None,205,"6'6""",19,05/02/2006,0,SF
1642854,https://cdn.nba.com/headshots/nba/latest/260x190/1642854.png,Asa Newell,ATL,FC,14,Georgia,224,"6'11""",20,05/10/2005,0,PF
1642354,https://cdn.nba.com/headshots/nba/latest/520x380/1642354.png,KJ Simpson,DEN,BC,25,Colorado,189,"6'0""",23,08/08/2002,1,PG
1630264,https://cdn.nba.com/headshots/nba/latest/260x190/1630264.png,Anthony Gill,WAS,FC,16,Virginia,230,"6'8""",33,10/17/1992,5,PF
1642364,https://cdn.nba.com/headshots/nba/latest/520x380/1642364.png,Jamir Watkins,WAS,FC,5,Florida State,219,"6'7""",24,06/07/2001,,SG
1630536,https://cdn.nba.com/headshots/nba/latest/520x380/1630536.png,Sharife Cooper,WAS,BC,13,Auburn,180,"6'1""",24,11/06/2001,1,PG
1642358,https://cdn.nba.com/headshots/nba/latest/260x190/1642358.png,AJ Johnson,DAL,BC,4,None,183,"6'6""",22,01/12/2004,1,SG
1631131,https://cdn.nba.com/headshots/nba/latest/520x380/1631131.png,Oscar Tshiebwe,UTA,FC,34,Kentucky,261,"6'9""",26,11/27/1999,2,PF
1641989,https://cdn.nba.com/headshots/nba/latest/520x380/1641989.png,Elijah Harkless,UTA,BC,16,UNLV,195,"6'3""",26,03/02/2000,1,PG
1642910,https://cdn.nba.com/headshots/nba/latest/520x380/1642910.png,John Tonje,BOS,BC,17,Wisconsin,218,"6'5""",24,4/23/2001,0,SG
202066,https://cdn.nba.com/headshots/nba/latest/520x380/202066.png,Garrett Temple,TOR,BC,17,Louisiana State,196,"6'5""",39,08/05/1986,15,SG
1642935,https://cdn.nba.com/headshots/nba/latest/520x380/1642935.png,Chucky Hepburn,TOR,BC,24,Louisville,193,"6'0""",22,09/02/2003,,PG
1642918,https://cdn.nba.com/headshots/nba/latest/520x380/1642918.png,Alijah Martin,TOR,BC,55,Florida,212,"6'2""",24,12/26/2001,,SG
1631127,https://cdn.nba.com/headshots/nba/latest/520x380/1631127.png,Harrison Ingram,SAS,FC,55,North Carolina,235,"6'5""",23,11/27/2002,1,SF
1642434,https://cdn.nba.com/headshots/nba/latest/520x380/1642434.png,Riley Minix,CLE,FC,27,Morehead State,230,"6'7""",25,9/22/2000,1,SF
1629162,https://cdn.nba.com/headshots/nba/latest/520x380/1629162.png,Jordan McLaughlin,SAS,BC,0,Southern California,180,"6'0""",29,09/04/1996,6,PG
203926,https://cdn.nba.com/headshots/nba/latest/520x380/203926.png,Doug McDermott,SAC,FC,7,Creighton,225,"6'6""",34,03/01/1992,11,SF
1642403,https://cdn.nba.com/headshots/nba/latest/520x380/1642403.png,Isaac Jones,DET,FC,3,Washington State,235,"6'9""",25,11/07/2000,1,PF
1642928,https://cdn.nba.com/headshots/nba/latest/520x380/1642928.png,Dylan Cardwell,SAC,FC,32,Auburn,255,"6'11""",24,12/16/2001,0,C
1631342,https://cdn.nba.com/headshots/nba/latest/520x380/1631342.png,Daeqwon Plowden,SAC,BC,29,Bowling Green,216,"6'6""",27,8/29/1998,1,SF
1641815,https://cdn.nba.com/headshots/nba/latest/520x380/1641815.png,Isaiah Stevens,SAC,BC,24,Colorado State,185,"6'0""",26,01/11/2000,1,PG
1641871,https://cdn.nba.com/headshots/nba/latest/520x380/1641871.png,Duop Reath,POR,FC,26,Louisiana State,245,"6'10""",29,6/26/1996,2,C
1641712,https://cdn.nba.com/headshots/nba/latest/520x380/1641712.png,Rayan Rupert,MEM,BC,21,None,205,"6'8""",21,5/31/2004,2,SG
1631321,https://cdn.nba.com/headshots/nba/latest/520x380/1631321.png,Sidy Cissoko,POR,BC,91,None,220,"6'7""",22,02/04/2004,2,SF
1631126,https://cdn.nba.com/headshots/nba/latest/260x190/1631126.png,Caleb Love,POR,BC,2,Arizona,212,"6'4""",24,9/27/2001,0,SG
1631104,https://cdn.nba.com/headshots/nba/latest/260x190/1631104.png,Blake Wesley,POR,BC,1,Notre Dame,190,"6'4""",22,3/16/2003,3,SG
1643047,https://cdn.nba.com/headshots/nba/latest/520x380/1643047.png,CJ Huntley,PHX,FC,22,Appalachian State,221,"6'11""",23,01/06/2002,0,PF
1642886,https://cdn.nba.com/headshots/nba/latest/520x380/1642886.png,Koby Brea,PHX,BC,14,Kentucky,202,"6'6""",23,06/11/2002,0,SG
1631230,https://cdn.nba.com/headshots/nba/latest/520x380/1631230.png,Dominick Barlow,PHI,FC,25,None,224,"6'9""",22,5/26/2003,3,PF
1641780,https://cdn.nba.com/headshots/nba/latest/520x380/1641780.png,Johni Broome,PHI,FC,22,Auburn,244,"6'9""",23,7/19/2002,0,C
1642282,https://cdn.nba.com/headshots/nba/latest/520x380/1642282.png,Hunter Sallis,PHI,BC,45,Wake Forest,181,"6'4""",22,3/26/2003,0,SG
1631288,https://cdn.nba.com/headshots/nba/latest/520x380/1631288.png,Jamal Cain,ORL,FC,8,Oakland,207,"6'7""",26,3/20/1999,3,SF
1641724,https://cdn.nba.com/headshots/nba/latest/520x380/1641724.png,Jett Howard,ORL,BC,13,Michigan,215,"6'8""",22,9/14/2003,2,SG
1642869,https://cdn.nba.com/headshots/nba/latest/520x380/1642869.png,Noah Penda,ORL,BC,93,None,242,"6'7""",20,07/01/2005,0,SF
1631172,https://cdn.nba.com/headshots/nba/latest/520x380/1631172.png,Ousmane Dieng,MIL,FC,13,None,223,"6'10""",22,5/21/2003,3,SF
1642382,https://cdn.nba.com/headshots/nba/latest/260x190/1642382.png,Branden Carlson,OKC,FC,15,Utah,236,"7'0""",26,6/14/1999,1,C
1642959,https://cdn.nba.com/headshots/nba/latest/260x190/1642959.png,Chris Youngblood,POR,FC,3,Alabama,221,"6'4""",23,09/02/2002,0,SG
1642349,https://cdn.nba.com/headshots/nba/latest/260x190/1642349.png,Ajay Mitchell,OKC,BC,25,California-Santa Barbara,205,"6'4""",23,6/25/2002,1,PG
1642964,https://cdn.nba.com/headshots/nba/latest/260x190/1642964.png,Brooks Barnhizer,OKC,BC,23,Northwestern,227,"6'5""",24,02/03/2002,0,SG
1642278,https://cdn.nba.com/headshots/nba/latest/520x380/1642278.png,Tyler Kolek,NYK,BC,13,Marquette,195,"6'3""",24,3/27/2001,1,PG
1641755,https://cdn.nba.com/headshots/nba/latest/520x380/1641755.png,Kevin McCullar Jr.,NYK,BC,9,Kansas,210,"6'6""",24,3/15/2001,1,SF
1629013,https://cdn.nba.com/headshots/nba/latest/520x380/1629013.png,Landry Shamet,NYK,BC,44,Wichita State,190,"6'4""",28,3/13/1997,7,SG
1642359,https://cdn.nba.com/headshots/nba/latest/520x380/1642359.png,Pacôme Dadiet,NYK,FC,4,None,210,"6'8""",20,7/27/2005,1,SF
1630574,https://cdn.nba.com/headshots/nba/latest/260x190/1630574.png,Ariel Hukporti,NYK,FC,55,None,246,"6'11""",23,12/04/2002,1,C
1642885,https://cdn.nba.com/headshots/nba/latest/520x380/1642885.png,Mohamed Diawara,NYK,FC,51,None,225,"6'9""",20,4/29/2005,0,PF
1630621,https://cdn.nba.com/headshots/nba/latest/520x380/1630621.png,Hunter Dickinson,NOP,FC,4,Michigan,271,"7'1""",25,11/25/2000,0,C
1641725,https://cdn.nba.com/headshots/nba/latest/520x380/1641725.png,Trey Alexander,NOP,BC,23,Creighton,187,"6'4""",24,03/05/2002,1,SG
1642877,https://cdn.nba.com/headshots/nba/latest/520x380/1642877.png,Micah Peavy,NOP,BC,14,Georgetown,225,"6'7""",24,7/26/2001,0,SF
1631121,https://cdn.nba.com/headshots/nba/latest/260x190/1631121.png,Bryce McGowens,NOP,BC,11,Nebraska,197,"6'6""",23,08/11/2002,3,SG
1630531,https://cdn.nba.com/headshots/nba/latest/520x380/1630531.png,Jaden Springer,,BC,9,Tennessee,225,"6'4""",23,25/09/2002,4,SG
1642402,https://cdn.nba.com/headshots/nba/latest/520x380/1642402.png,Enrique Freeman,MIN,FC,25,Akron,211,"6'9""",25,7/29/2000,1,PF
1631159,https://cdn.nba.com/headshots/nba/latest/520x380/1631159.png,Leonard Miller,CHI,FC,33,None,223,"6'10""",22,11/26/2003,2,PF
1642866,https://cdn.nba.com/headshots/nba/latest/520x380/1642866.png,Joan Beringer,MIN,FC,19,None,239,"6'11""",19,11/11/2006,,C
1642911,https://cdn.nba.com/headshots/nba/latest/520x380/1642911.png,Rocco Zikarsky,MIN,FC,44,None,254,"7'3""",19,11/07/2006,,C
1641740,https://cdn.nba.com/headshots/nba/latest/520x380/1641740.png,Jaylen Clark,MIN,BC,22,UCLA,208,"6'5""",24,10/13/2001,1,PG
1631250,https://cdn.nba.com/headshots/nba/latest/520x380/1631250.png,Pete Nance,MIL,FC,35,North Carolina,226,"6'9""",26,2/19/2000,2,PF
203648,https://cdn.nba.com/headshots/nba/latest/520x380/203648.png,Thanasis Antetokounmpo,MIL,FC,43,None,219,"6'7""",33,7/18/1992,6,SF
1641890,https://cdn.nba.com/headshots/nba/latest/520x380/1641890.png,Tyler Smith,DAL,FC,21,None,220,"6'9""",21,11/02/2004,1,PF
1630579,https://cdn.nba.com/headshots/nba/latest/520x380/1630579.png,Jericho Sims,MIL,FC,0,Texas,261,"6'10""",27,10/20/1998,4,C
1630828,https://cdn.nba.com/headshots/nba/latest/520x380/1630828.png,Alex Antetokounmpo,MIL,FC,29,None,214,"6'8""",24,26/08/2001,,SF
1641813,https://cdn.nba.com/headshots/nba/latest/520x380/1641813.png,Mark Sears,MIL,BC,19,Alabama,192,"6'0""",24,2/19/2002,0,PG
1642352,https://cdn.nba.com/headshots/nba/latest/520x380/1642352.png,Keshad Johnson,MIA,FC,16,Arizona,225,"6'7""",24,6/23/2001,1,PF
1642066,https://cdn.nba.com/headshots/nba/latest/520x380/1642066.png,Myron Gardner,MIA,FC,15,Arkansas-Little Rock,220,"6'6""",24,5/21/2001,0,SF
1642884,https://cdn.nba.com/headshots/nba/latest/520x380/1642884.png,Vladislav Goldin,MIA,FC,50,Michigan,253,"7'0""",24,12/05/2001,0,C
1642443,https://cdn.nba.com/headshots/nba/latest/520x380/1642443.png,Jahmir Young,MIA,BC,17,Maryland,185,"6'1""",25,07/08/2000,1,PG
1641796,https://cdn.nba.com/headshots/nba/latest/520x380/1641796.png,Pelle Larsson,MIA,BC,9,Arizona,215,"6'5""",25,2/23/2001,1,SG
1641765,https://cdn.nba.com/headshots/nba/latest/520x380/1641765.png,Olivier-Maxence Prosper,MEM,FC,18,Marquette,230,"6'7""",23,03/07/2002,2,PF
1641790,https://cdn.nba.com/headshots/nba/latest/520x380/1641790.png,PJ Hall,CHA,FC,16,Clemson,245,"6'10""",24,2/21/2002,1,C
1642285,https://cdn.nba.com/headshots/nba/latest/260x190/1642285.png,Cam Spencer,MEM,BC,24,Connecticut,205,"6'4""",25,06/04/2000,1,SG
1642914,https://cdn.nba.com/headshots/nba/latest/520x380/1642914.png,Javon Small,MEM,BC,10,West Virginia,190,"6'1""",23,12/19/2002,0,SG
1643024,https://cdn.nba.com/headshots/nba/latest/260x190/1643024.png,Chris Mañon,LAL,BC,30,Vanderbilt,212,"6'4""",24,09/12/2001,0,PG
1642876,https://cdn.nba.com/headshots/nba/latest/520x380/1642876.png,Adou Thiero,LAL,BC,1,Arkansas,234,"6'7""",21,08/05/2004,0,SG
1631132,https://cdn.nba.com/headshots/nba/latest/260x190/1631132.png,Christian Koloko,ATL,FC,10,Arizona,223,"7'0""",25,6/20/2000,3,C
1641738,https://cdn.nba.com/headshots/nba/latest/520x380/1641738.png,Kobe Brown,IND,FC,24,Missouri,250,"6'7""",26,01/01/2000,2,PF
1642949,https://cdn.nba.com/headshots/nba/latest/520x380/1642949.png,Yanic Konan Niederhäuser,LAC,FC,14,Penn State,243,"6'11""",22,3/14/2003,0,C
1643141,https://cdn.nba.com/headshots/nba/latest/520x380/1643141.png,Jahmyl Telfort,LAC,FC,19,Butler,225,"6'7""",24,4/30/2001,0,PF
1641757,https://cdn.nba.com/headshots/nba/latest/520x380/1641757.png,Jordan Miller,LAC,BC,22,Miami (FL),194,"6'5""",26,1/23/2000,2,SF
1642353,https://cdn.nba.com/headshots/nba/latest/260x190/1642353.png,Cam Christie,LAC,BC,12,Minnesota,190,"6'6""",20,7/24/2005,1,SG
1642920,https://cdn.nba.com/headshots/nba/latest/520x380/1642920.png,Kobe Sanders,LAC,BC,4,Nevada,203,"6'7""",23,5/30/2002,0,SG
1642484,https://cdn.nba.com/headshots/nba/latest/520x380/1642484.png,RayJ Dennis,ATL,FC,10,Baylor,180,"6'2""",24,3/30/2001,1,SG
1628396,https://cdn.nba.com/headshots/nba/latest/520x380/1628396.png,Tony Bradley,IND,FC,13,North Carolina,248,"6'11""",27,08/01/1998,7,C
1631245,https://cdn.nba.com/headshots/nba/latest/520x380/1631245.png,Quenton Jackson,IND,BC,29,Texas A&M,173,"6'5""",27,9/15/1998,3,SG
1642277,https://cdn.nba.com/headshots/nba/latest/520x380/1642277.png,Johnny Furphy,IND,BC,12,Kansas,200,"6'9""",21,08/12/2004,1,SF
1642880,https://cdn.nba.com/headshots/nba/latest/520x380/1642880.png,Kam Jones,IND,BC,7,Marquette,202,"6'3""",24,2/25/2002,0,PG
1643007,https://cdn.nba.com/headshots/nba/latest/520x380/1643007.png,Taelon Peter,IND,BC,4,Liberty,185,"6'4""",24,2/27/2002,0,SG
1630256,https://cdn.nba.com/headshots/nba/latest/520x380/1630256.png,Jae'Sean Tate,HOU,FC,8,Ohio State,226,"6'5""",30,10/28/1995,5,SF
1642384,https://cdn.nba.com/headshots/nba/latest/520x380/1642384.png,Isaiah Crawford,HOU,FC,27,Louisiana Tech,220,"6'6""",25,01/11/2001,1,SF
1630284,https://cdn.nba.com/headshots/nba/latest/520x380/1630284.png,Kevon Harris,,BC,0,Stephen F. Austin,220,"6'6""",28,24/06/1997,2,SG
1631120,https://cdn.nba.com/headshots/nba/latest/520x380/1631120.png,JD Davison,HOU,BC,4,Alabama,215,"6'3""",23,03/10/2002,3,PG
1630611,https://cdn.nba.com/headshots/nba/latest/520x380/1630611.png,Gui Santos,GSW,FC,15,None,185,"6'6""",23,6/22/2002,2,SF
1642050,https://cdn.nba.com/headshots/nba/latest/520x380/1642050.png,Jackson Rowe,,FC,44,Cal State Fullerton,210,"6'7""",28,01/04/1997,1,PF
1642893,https://cdn.nba.com/headshots/nba/latest/520x380/1642893.png,Alex Toohey,,FC,22,None,223,"6'8""",21,05/05/2004,0,PF
1630311,https://cdn.nba.com/headshots/nba/latest/520x380/1630311.png,Pat Spencer,GSW,BC,61,Northwestern,205,"6'3""",29,04/07/1996,2,SG
1642954,https://cdn.nba.com/headshots/nba/latest/520x380/1642954.png,Will Richard,GSW,BC,3,Florida,206,"6'4""",23,12/24/2002,0,SG
1641752,https://cdn.nba.com/headshots/nba/latest/260x190/1641752.png,Bobi Klintman,DET,FC,34,Wake Forest,212,"6'9""",22,06/03/2003,1,PF
1642449,https://cdn.nba.com/headshots/nba/latest/520x380/1642449.png,Tolu Smith,DET,FC,35,Mississippi State,245,"6'11""",25,7/26/2000,1,PF
1642450,https://cdn.nba.com/headshots/nba/latest/260x190/1642450.png,Daniss Jenkins,DET,BC,24,St. John's,185,"6'4""",24,8/17/2001,1,PG
1642404,https://cdn.nba.com/headshots/nba/latest/260x190/1642404.png,Chaz Lanier,DET,BC,20,Tennessee,207,"6'4""",24,12/19/2001,0,SG
1641732,https://cdn.nba.com/headshots/nba/latest/260x190/1641732.png,Colby Jones,DET,BC,0,Xavier,205,"6'6""",23,5/28/2002,2,SG
1630192,https://cdn.nba.com/headshots/nba/latest/520x380/1630192.png,Zeke Nnaji,DEN,FC,22,Arizona,240,"6'9""",24,09/01/2001,5,C
1641816,https://cdn.nba.com/headshots/nba/latest/520x380/1641816.png,Hunter Tyson,DEN,FC,5,Clemson,215,"6'8""",25,6/13/2000,2,SF
1642461,https://cdn.nba.com/headshots/nba/latest/520x380/1642461.png,Spencer Jones,DEN,FC,21,Stanford,225,"6'7""",24,6/14/2001,1,PF
1629618,https://cdn.nba.com/headshots/nba/latest/520x380/1629618.png,Jalen Pickett,DEN,BC,24,Penn State,202,"6'2""",26,10/22/1999,2,SG
1642926,https://cdn.nba.com/headshots/nba/latest/520x380/1642926.png,Tamar Bates,DEN,BC,7,Missouri,195,"6'5""",22,21/02/2003,0,PG
1642938,https://cdn.nba.com/headshots/nba/latest/520x380/1642938.png,Curtis Jones,DEN,BC,1,Iowa State,190,"6'4""",25,1/30/2001,0,SG
1630619,https://cdn.nba.com/headshots/nba/latest/520x380/1630619.png,Moussa Cisse,DAL,FC,45,Memphis,229,"6'11""",23,10/09/2002,0,C
1642939,https://cdn.nba.com/headshots/nba/latest/520x380/1642939.png,Miles Kelly,DAL,BC,14,Auburn,190,"6'6""",23,1/26/2003,0,SG
1642948,https://cdn.nba.com/headshots/nba/latest/520x380/1642948.png,Ryan Nembhard,DAL,BC,9,Gonzaga,180,"6'0""",22,10/03/2003,0,PG
1631247,https://cdn.nba.com/headshots/nba/latest/520x380/1631247.png,Luke Travers,CLE,FC,33,None,208,"6'7""",24,03/09/2001,1,SF
1641772,https://cdn.nba.com/headshots/nba/latest/520x380/1641772.png,Nae'Qwan Tomlin,CLE,FC,30,Memphis,205,"6'8""",25,10/12/2000,1,PF
1642281,https://cdn.nba.com/headshots/nba/latest/520x380/1642281.png,Jaylon Tyson,CLE,BC,20,California,218,"6'6""",24,02/12/2002,1,SF
1642878,https://cdn.nba.com/headshots/nba/latest/520x380/1642878.png,Tyrese Proctor,CLE,BC,24,Duke,183,"6'4""",22,01/04/2004,0,SG
1641801,https://cdn.nba.com/headshots/nba/latest/520x380/1641801.png,Emanuel Miller,SAS,FC,2,TCU,215,"6'7""",25,6/19/2000,1,PF
1642950,https://cdn.nba.com/headshots/nba/latest/520x380/1642950.png,Lachlan Olbrich,CHI,FC,47,None,230,"6'9""",22,12/30/2003,0,PF
1628975,https://cdn.nba.com/headshots/nba/latest/520x380/1628975.png,Jevon Carter,ORL,BC,5,West Virginia,200,"6'1""",30,9/14/1995,7,SG
1642280,https://cdn.nba.com/headshots/nba/latest/520x380/1642280.png,Trentyn Flowers,CHI,FC,,None,185,"6'9""",20,08/03/2005,1,SG
1641809,https://cdn.nba.com/headshots/nba/latest/520x380/1641809.png,Drew Peterson,CHA,BC,13,Southern California,205,"6'9""",26,09/11/1999,2,PF
1642883,https://cdn.nba.com/headshots/nba/latest/520x380/1642883.png,Sion James,CHA,BC,4,Duke,218,"6'5""",23,04/12/2002,0,SG
1626192,https://cdn.nba.com/headshots/nba/latest/520x380/1626192.png,Pat Connaughton,CHA,BC,21,Notre Dame,209,"6'5""",32,06/01/1993,10,SG
1641810,https://cdn.nba.com/headshots/nba/latest/520x380/1641810.png,Antonio Reeves,CHA,BC,12,Kentucky,205,"6'5""",25,11/20/2000,1,SG
1630604,https://cdn.nba.com/headshots/nba/latest/520x380/1630604.png,E.J. Liddell,BKN,FC,9,Ohio State,234,"6'6""",25,12/18/2000,2,PF
1630623,https://cdn.nba.com/headshots/nba/latest/520x380/1630623.png,Tyson Etienne,BKN,BC,10,Wichita State,204,"6'1""",26,9/17/1999,1,PG
1641775,https://cdn.nba.com/headshots/nba/latest/520x380/1641775.png,Jordan Walsh,BOS,FC,27,Arkansas,208,"6'7""",22,03/03/2004,2,SF
1642873,https://cdn.nba.com/headshots/nba/latest/260x190/1642873.png,Amari Williams,BOS,FC,77,Kentucky,262,"7'0""",24,1/28/2002,0,C
1631169,https://cdn.nba.com/headshots/nba/latest/520x380/1631169.png,Josh Minott,BKN,FC,8,Memphis,212,"6'8""",23,11/25/2002,3,PF
1630568,https://cdn.nba.com/headshots/nba/latest/520x380/1630568.png,Luka Garza,BOS,FC,52,Iowa,243,"6'10""",27,12/27/1998,4,C
1642917,https://cdn.nba.com/headshots/nba/latest/520x380/1642917.png,Max Shulga,BOS,BC,44,Virginia Commonwealth,210,"6'5""",23,6/25/2002,0,SG
1631199,https://cdn.nba.com/headshots/nba/latest/520x380/1631199.png,Ron Harper Jr.,BOS,BC,13,Rutgers,239,"6'5""",25,12/04/2000,3,SF
1631243,https://cdn.nba.com/headshots/nba/latest/520x380/1631243.png,Mouhamed Gueye,ATL,FC,18,Washington State,210,"6'11""",23,09/11/2002,2,PF
1642947,https://cdn.nba.com/headshots/nba/latest/520x380/1642947.png,Eli John Ndiaye,,FC,30,None,209,"6'8""",21,26/06/2004,0,PF
1630811,https://cdn.nba.com/headshots/nba/latest/520x380/1630811.png,Keaton Wallace,ATL,BC,2,Texas-San Antonio,185,"6'3""",27,2/26/1999,1,SG
1642365,https://cdn.nba.com/headshots/nba/latest/520x380/1642365.png,Nikola Djurisic,,BC,22,None,209,"6'8""",21,23/02/2004,0,SF
1631216,https://cdn.nba.com/headshots/nba/latest/260x190/1631216.png,Caleb Houstan,ATL,BC,33,Michigan,235,"6'8""",22,09/01/2003,3,SG
1642368,https://cdn.nba.com/headshots/nba/latest/520x380/1642368.png,N'Faly Dante,ATL,FC,12,Oregon,265,"6'11""",24,10/19/2001,1,C
1641854,https://cdn.nba.com/headshots/nba/latest/260x190/1641854.png,Craig Porter Jr.,CLE,BC,9,Wichita State,185,"6'1""",26,2/26/2000,2,PG
1642355,https://cdn.nba.com/headshots/nba/latest/260x190/1642355.png,Bronny James,LAL,BC,9,Southern California,209,"6'2""",21,06/10/2004,1,PG
1641998,https://cdn.nba.com/headshots/nba/latest/520x380/1641998.png,Trey Jemison III,NYK,FC,50,UAB,270,"6'11""",26,11/28/1999,2,C
1628502,https://cdn.nba.com/headshots/nba/latest/520x380/1628502.png,Nigel Hayes-Davis,PHX,FC,40,Wisconsin,254,"6'8""",31,12/16/1994,1,SF
1642357,https://cdn.nba.com/headshots/nba/latest/260x190/1642357.png,David Jones Garcia,SAS,FC,25,Memphis,215,"6'4""",24,11/24/2001,0,PF
201599,https://cdn.nba.com/headshots/nba/latest/260x190/201599.png,DeAndre Jordan,NOP,FC,6,Texas A&M,265,"6'11""",37,7/21/1988,16,C
1630644,https://cdn.nba.com/headshots/nba/latest/260x190/1630644.png,Mac McClung,CHI,BC,3,Texas Tech,185,"6'2""",26,06/01/1999,3,SG
1630526,https://cdn.nba.com/headshots/nba/latest/260x190/1630526.png,Jeremiah Robinson-Earl,DAL,FC,50,Villanova,240,"6'9""",25,11/03/2000,4,PF
1629646,https://cdn.nba.com/headshots/nba/latest/260x190/1629646.png,Charles Bassey,PHI,FC,28,Western Kentucky,230,"6'10""",25,10/28/2000,4,C
1628998,https://cdn.nba.com/headshots/nba/latest/260x190/1628998.png,Cody Martin,IND,FC,17,Nevada,205,"6'6""",30,9/28/1995,7,SF
1630173,https://cdn.nba.com/headshots/nba/latest/260x190/1630173.png,Precious Achiuwa,SAC,FC,5,Memphis,243,"6'8""",26,9/19/1999,6,PF
1628420,https://cdn.nba.com/headshots/nba/latest/260x190/1628420.png,Monte Morris,IND,BC,23,Iowa State,183,"6'2""",30,6/27/1995,8,SG
1631111,https://cdn.nba.com/headshots/nba/latest/260x190/1631111.png,Wendell Moore Jr.,DET,BC,9,Duke,215,"6'5""",24,9/18/2001,3,PG
1629726,https://cdn.nba.com/headshots/nba/latest/260x190/1629726.png,Garrison Mathews,IND,BC,24,Lipscomb,215,"6'5""",29,10/24/1996,6,PG
1642942,https://cdn.nba.com/headshots/nba/latest/260x190/1642942.png,Jahmai Mashack,MEM,BC,,Tennessee,203,"6'4""",23,11/10/2002,0,SG
1631123,https://cdn.nba.com/headshots/nba/latest/260x190/1631123.png,Jamaree Bouyea,PHX,BC,15,San Francisco,180,"6'2""",26,6/27/1999,3,PG
1631451,https://cdn.nba.com/headshots/nba/latest/260x190/1631451.png,Javonte Cooke,POR,BC,18,Winston-Salem,185,"6'6""",26,07/11/1999,0,SG
1641753,https://cdn.nba.com/headshots/nba/latest/260x190/1641753.png,Chris Livingston,CLE,FC,8,Kentucky,220,"6'6""",22,15/10/2003,1,SF
1631166,https://cdn.nba.com/headshots/nba/latest/260x190/1631166.png,Drew Timme,LAL,FC,26,Gonzaga,235,"6'9""",25,09/09/2000,0,C
1631214,https://cdn.nba.com/headshots/nba/latest/260x190/1631214.png,Alondes Williams,WAS,,31,Wake Forest,210,"6'4""",26,19/06/1999,1,SG
1642396,https://cdn.nba.com/headshots/nba/latest/260x190/1642396.png,Blake Hinson,UTA,FC,2,Pittsburgh,230,"6'8""",26,26/12/1999,0,PF
1631205,https://cdn.nba.com/headshots/nba/latest/260x190/1631205.png,Buddy Boeheim,OKC,FC,14,Syracuse,205,"6'5""",26,11/11/1999,1,SG
1626166,https://cdn.nba.com/headshots/nba/latest/260x190/1626166.png,Cameron Payne,PHI,BC,15,Murray State,183,"6'2""",31,08/08/1994,11,PG
1630625,https://cdn.nba.com/headshots/nba/latest/260x190/1630625.png,Dalano Banton,BOS,,45,Nebraska,203,"6'8""",26,07/11/1999,5,PG
1641794,https://cdn.nba.com/headshots/nba/latest/260x190/1641794.png,Dillon Jones,NYK,FC,33,Weber State,235,"6'5""",24,29/10/2001,0,SF
1630679,https://cdn.nba.com/headshots/nba/latest/260x190/1630679.png,Ethan Thompson,IND,BC,55,Oregon State,195,"6'4""",26,04/05/1999,0,SG
1642955,https://cdn.nba.com/headshots/nba/latest/260x190/1642955.png,Kadary Richmond,WAS,,,St. John's,205,"6'6""",24,25/08/2001,0,PG
1642933,https://cdn.nba.com/headshots/nba/latest/260x190/1642933.png,Keshon Gilbert,ATL,BC,,Iowa State,200,"6'4""",22,30/06/2003,0,SG
1643018,https://cdn.nba.com/headshots/nba/latest/260x190/1643018.png,LJ Cryer,GSW,FC,18,Houston,,"6'0""",24,09/10/2001,0,PG
1643133,https://cdn.nba.com/headshots/nba/latest/260x190/1643133.png,Lawson Lovering,MEM,,,Utah,,"7'0""",22,09/05/2003,0,C
1642502,https://cdn.nba.com/headshots/nba/latest/260x190/1642502.png,Malevy Leons,GSW,FC,33,Bradley,210,"6'9""",26,23/09/1999,0,SF
1630699,https://cdn.nba.com/headshots/nba/latest/260x190/1630699.png,MarJon Beauchamp,PHI,FC,0,NBA G League Ignite,199,"6'7""",25,12/10/2000,4,SF
1630695,https://cdn.nba.com/headshots/nba/latest/260x190/1630695.png,Micah Potter,IND,FC,11,Wisconsin,248,"6'9""",27,06/04/1998,1,C
1628964,https://cdn.nba.com/headshots/nba/latest/260x190/1628964.png,Mo Bamba,UTA,FC,,Texas,231,"7'0""",27,12/05/1998,7,C
1631116,https://cdn.nba.com/headshots/nba/latest/260x190/1631116.png,Patrick Baldwin Jr.,SAC,FC,,Wisconsin-Milwaukee,220,"7'0""",23,18/11/2002,3,PF
203552,https://cdn.nba.com/headshots/nba/latest/260x190/203552.png,Seth Curry,GSW,BC,31,Duke,185,"6'1""",35,23/08/1990,12,SG
1627746,https://cdn.nba.com/headshots/nba/latest/260x190/1627746.png,Skal Labissiere,WAS,,,Kentucky,235,"6'10""",29,18/03/1996,4,PF
1630649,https://cdn.nba.com/headshots/nba/latest/260x190/1630649.png,Stanley Umude,SAS,,17,Arkansas,210,"6'6""",26,12/04/1999,1,SF
1631211,https://cdn.nba.com/headshots/nba/latest/260x190/1631211.png,Trevor Keels,MIA,BC,3,Duke,215,"6'3""",22,26/08/2003,1,SG
1642400,https://cdn.nba.com/headshots/nba/latest/260x190/1642400.png,Tristan Enaruna,CLE,BC,21,Cleveland State,220,"6'7""",24,26/06/2001,0,SF
1631102,https://cdn.nba.com/headshots/nba/latest/260x190/1631102.png,TyTy Washington Jr.,LAC,BC,14,Kentucky,195,"6'3""",24,15/11/2001,1,PG
1642530,https://cdn.nba.com/headshots/nba/latest/260x190/1642530.png,Yuki Kawamura,CHI,BC,8,Yokohama B-Corsairs (Japan),159,"5'7""",25,02/05/2001,0,PG
1642468,https://cdn.nba.com/headshots/nba/latest/260x190/1642468.png,Darius Brown,CLE,BC,30,Utah State,192,"6'2""",26,28/07/1999,0,PG
1641761,https://cdn.nba.com/headshots/nba/latest/260x190/1641761.png,Grant Nelson,BKN,FC,16,Alabama,215,"7'0""",23,18/03/2002,0,PF
1630165,https://cdn.nba.com/headshots/nba/latest/260x190/1630165.png,Killian Hayes,SAC,BC,7,Ratiopharm Ulm,195,"6'4""",24,27/07/2001,4,PG
1641778,https://cdn.nba.com/headshots/nba/latest/260x190/1641778.png,Leaky Black,WAS,FC,12,North Carolina,209,"6'6""",26,14/06/1999,1,SF
1631466,https://cdn.nba.com/headshots/nba/latest/260x190/1631466.png,Jeenathan Williams,GSW,BC,19,Buffalo,205,"6'5""",26,12/02/1999,1,SF
1642967,https://cdn.nba.com/headshots/nba/latest/260x190/1642967.png,John Poulakidas,DAL,BC,,Yale,205,"6'6""",22,04/04/2003,0,SG
1642882,https://cdn.nba.com/headshots/nba/latest/260x190/1642882.png,Julian Reese,WAS,FC,,Maryland,230,"6'9""",22,30/06/2003,0,SF
1641807,https://cdn.nba.com/headshots/nba/latest/260x190/1641807.png,Norchad Omier,LAC,FC,,Miami,248,"6'7""",24,28/08/2001,0,SF
